item,class,gclass
air.com.lisieremedia.ClassicAmbulanceAlarmClock,alarm_clock,Tools
air.com.lisieremedia.FireTruckAlarmClock,alarm_clock,Tools
air.com.lisieremedia.FuneralCoachAlarmClock,alarm_clock,Tools
air.com.lisieremedia.MotorcycleCopAlarmClock,alarm_clock,Tools
air.com.lisieremedia.ParadiseIslandAlarmClockGooglePlay,alarm_clock,Tools
air.com.lisieremedia.PoliceCarAlarmClock,alarm_clock,Tools
and0703.and.taro.alarm_clock_3,alarm_clock,Lifestyle
app.alarmclock,alarm_clock,Health_n_Fitness
appinventor.ai_CalvinsoutsourceLLC.FlirtAlarmClockMM,alarm_clock,Social
appinventor.ai_cameronisveryawesome.TalkingAlarmClock,alarm_clock,Lifestyle
appinventor.ai_shezan_syed1.ShezanAlarmClock2,alarm_clock,Travel_n_Local
bg.angelov.light.sleep.alarm.clock,alarm_clock,Health_n_Fitness
bitsnpieces.wakemeupalarmclock,alarm_clock,Tools
call.alarm2.clock,alarm_clock,Productivity
ch.smalltech.alarmclock.free,alarm_clock,Tools
co.mayaly.AlarmClockShakeShake,alarm_clock,Tools
com.AlarmClockWidgetBuPepa,alarm_clock,Tools
com.BitsnLogics.AlarmClockWise,alarm_clock,Tools
com.DowinaSoft.NightAlarmClock,alarm_clock,Tools
com.DowinaSoft.NightAlarmClockPro,alarm_clock,Tools
com.GameAnvil.MesmerAlarmClock,alarm_clock,Lifestyle
com.Harel.StupidSimpleAlarmClock,alarm_clock,Lifestyle
com.TextAlarmFull.alarmclock,alarm_clock,Tools
com.WakeUpAlarmClockRingtones.FreeSounds,alarm_clock,Music_n_Audio
com.WakeUpAlarmClockRingtones.apps,alarm_clock,Music_n_Audio
com.aavid.advance.alarm.clock,alarm_clock,Personalization
com.adcall.AlarmclockMum,alarm_clock,Tools
com.aigamomifi.alarmclockll2,alarm_clock,Tools
com.alarm.chronometer.clock.free,alarm_clock,Productivity
com.alarm.clock.expert,alarm_clock,Health_n_Fitness
com.alarm.clock.expert.free,alarm_clock,Tools
com.alarm.clock.expert.plugin.farm,alarm_clock,Health_n_Fitness
com.alarm.clock.expert.plugin.farm.trial,alarm_clock,Health_n_Fitness
com.alarm.clock.expert.plugin.underwater,alarm_clock,Health_n_Fitness
com.alarm.clock.japanese,alarm_clock,Tools
com.alarmaclockankit.dinorunner,alarm_clock,Adventure
com.alarmclock.alarm,alarm_clock,Lifestyle
com.alarmclock.hd,alarm_clock,Productivity
com.alarmclock.plusfree,alarm_clock,Tools
com.alarmclock.reminder.app,alarm_clock,Productivity
com.alarmclock.smartfreealarmclock,alarm_clock,Tools
com.alarmclock.timely.gentle.annoyingalert.smartalarm,alarm_clock,Tools
com.alarmclock.wakenapp,alarm_clock,Lifestyle
com.alarmclock.xtreme,alarm_clock,Tools
com.alarmclock.xtreme.free,alarm_clock,Tools
com.alarmclock.yn_studio.alarmclock,alarm_clock,Tools
com.alarmclock_free,alarm_clock,Lifestyle
com.alarmclockhd.free,alarm_clock,Tools
com.alarmclockintransport,alarm_clock,Transportation
com.alarmclocksnoozers.liu.runnershigh,alarm_clock,Casual
com.alarmclocksnoozers.runnershigh,alarm_clock,Arcade
com.alarmclocksnoozers.runnershigh.liu,alarm_clock,Casual
com.alexso.alarmclock,alarm_clock,Lifestyle
com.alexso.alarmclock.p,alarm_clock,Lifestyle
com.allah.islamalarmclockwidget,alarm_clock,Personalization
com.altitudeinfosys.snoozieitalarmclock,alarm_clock,Productivity
com.amdroidalarmclock.amdroid,alarm_clock,Productivity
com.andronicus.cutealarmclock,alarm_clock,Lifestyle
com.angrydoughnuts.android.alarmclock,alarm_clock,Tools
com.animated.alarmclock,alarm_clock,Entertainment
com.animatedbear.alarmclock,alarm_clock,Entertainment
com.animatedchristmas.alarmclock,alarm_clock,Entertainment
com.animateddogcat.alarmclock,alarm_clock,Entertainment
com.animatedgrandfather.alarmclock,alarm_clock,Entertainment
com.animatedkitty.alarmclock,alarm_clock,Personalization
com.animatedparrots.alarmclock,alarm_clock,Entertainment
com.animatedsmileys.alarmclock,alarm_clock,Entertainment
com.applightmedia.alarmclock,alarm_clock,Tools
com.applightmedia.alarmclocka,alarm_clock,Tools
com.appsdevinc.alarmclocksoundsringtones,alarm_clock,Music_n_Audio
com.appsfriendly.veryloudalarmclocksounds,alarm_clock,Music_n_Audio
com.appspot.ysl.trafficalarmclock,alarm_clock,Travel_n_Local
com.arabalarmk.youralarmclock,alarm_clock,Tools
com.aroustechnology.alarmclock,alarm_clock,Personalization
com.beasley.alarmclock2,alarm_clock,Music_n_Audio
com.bidusoft.birdalarmclock,alarm_clock,Lifestyle
com.bidusoft.birdalarmclock.free,alarm_clock,Lifestyle
com.bounique.tools.alarmclock,alarm_clock,Tools
com.brinjal.alarmclock,alarm_clock,Productivity
com.brookstone.bluetoothalarmclock,alarm_clock,Lifestyle
com.call.alarm2.clock.ads,alarm_clock,Productivity
com.cave.developer.advancedalarmclock,alarm_clock,Lifestyle
com.caynax.alarmclock,alarm_clock,Health_n_Fitness
com.caynax.alarmclock.pro,alarm_clock,Health_n_Fitness
com.celebrityalarmclock,alarm_clock,Tools
com.clock.haris.selfiealarmclock,alarm_clock,Productivity
com.coolchoice.alarmclock,alarm_clock,Tools
com.cresappca.crazy.alarm.clock,alarm_clock,Tools
com.cyno.alarmclock,alarm_clock,Personalization
com.david.alarmclockeclpro,alarm_clock,Lifestyle
com.deadletterenterprises.gradualalarmclock,alarm_clock,Productivity
com.demolitionbabyetyae.alarmclocknew,alarm_clock,Tools
com.devsense.alarmclockelite,alarm_clock,Tools
com.diamondgold.alarmclock,alarm_clock,Productivity
com.diamondsilver.alarmclock,alarm_clock,Productivity
com.dickmoonpie.BedsideAlarmClock,alarm_clock,Lifestyle
com.dominikjahn.android.alarmclock.free,alarm_clock,Tools
com.doubleTwist.alarmClock,alarm_clock,Personalization
com.doubleTwist.alarmClockFree,alarm_clock,Personalization
com.dss_projects.alarmclock,alarm_clock,Tools
com.dungnh8.alarmclock,alarm_clock,Productivity
com.dylanlab.alarm.clock.alarmclock,alarm_clock,Tools
com.eanovate.alarmclock,alarm_clock,Productivity
com.ensight.android.radioalarmclock,alarm_clock,Music_n_Audio
com.estsoft.alarmclock,alarm_clock,Lifestyle
com.excelsior.alarmclock.math,alarm_clock,Productivity
com.fately.auroraalarmclock,alarm_clock,Lifestyle
com.finkialarmclock.finkialarmclock,alarm_clock,Lifestyle
com.freeforfun.wakeupalarmclockringtones,alarm_clock,Music_n_Audio
com.fujitsu.mobile_phone.alarmClock,alarm_clock,Lifestyle
com.fujitsu.mobile_phone.alarmClock2,alarm_clock,Lifestyle
com.galecode.alarmedsclock,alarm_clock,Medical
com.gcd.alarmclockgps,alarm_clock,Tools
com.geekydevs.alarmclock,alarm_clock,Tools
com.gionel.cyclealarmclock,alarm_clock,Tools
com.gloriousdj.alarmclock,alarm_clock,Health_n_Fitness
com.goodalarmclock.android,alarm_clock,Tools
com.greatbytes.remotealarmclock,alarm_clock,Productivity
com.guetta.alarmclock,alarm_clock,Tools
com.hingani.alarmclocksnoozers.runnershigh,alarm_clock,Adventure
com.hlidskialf.android.alarmclock,alarm_clock,Tools
com.hsnengine.alarmclockmath,alarm_clock,Tools
com.idea.fifaalarmclock.app.thailand,alarm_clock,Sports
com.ihandysoft.alarmclock,alarm_clock,Tools
com.ihandysoft.alarmclock.free,alarm_clock,Tools
com.ihandysoft.alarmclockpro,alarm_clock,Tools
com.infinitycore.alarmclock,alarm_clock,Lifestyle
com.innovisionate.simplealarmclock,alarm_clock,Personalization
com.inody.alarmclock,alarm_clock,Lifestyle
com.iozxllc.trafficalarmclock,alarm_clock,Tools
com.iringtones.alarmclockringtones,alarm_clock,Music_n_Audio
com.islam.Islamic.alarm.clock,alarm_clock,Lifestyle
com.jogglingdroid.yourannoyingalarmclock,alarm_clock,Tools
com.jxt.alarmclockextended,alarm_clock,Health_n_Fitness
com.kakmeas.alarmclock,alarm_clock,Productivity
com.kayan.nurav.alarmclock,alarm_clock,Tools
com.kk.AlarmClock,alarm_clock,Tools
com.kog.alarmclock,alarm_clock,Tools
com.kog.alarmclock.paid,alarm_clock,Tools
com.kog.alarmclock_motiv,alarm_clock,Tools
com.kt.alarm_clock,alarm_clock,Tools
com.lightalarmclock,alarm_clock,Tools
com.liu.alarmclocksnoozers.runnershigh,alarm_clock,Casual
com.livewallpaper.alarm.smartclock,alarm_clock,Personalization
com.lycan.alarmclock,alarm_clock,Tools
com.m54inter.alarmclocksound,alarm_clock,Music_n_Audio
com.malleymob.retroalarmclock,alarm_clock,Productivity
com.mcc.alarmclocklifetime,alarm_clock,Lifestyle
com.milleniumapps.freealarmclock,alarm_clock,Lifestyle
com.mobilecenter.alarmclock,alarm_clock,Tools
com.mobilerise.alarm.clock.wake.up,alarm_clock,Tools
com.mobilerise.alarm.clock.wake.up.pro,alarm_clock,Tools
com.mobilerise.alarmclock,alarm_clock,Weather
com.moon.android.alarmclock,alarm_clock,Tools
com.moosa.alarmclock,alarm_clock,Productivity
com.moosa.alarmclockpro,alarm_clock,Productivity
com.myandroiddoes.alarmclock.max,alarm_clock,Media_n_Video
com.myandroiddoes.alarmclockmax.free,alarm_clock,Media_n_Video
com.mysuccessables.motivationalalarmclockmessages,alarm_clock,Lifestyle
com.natives.alarmclock,alarm_clock,Tools
com.ncssoftware.speakingalarmclock,alarm_clock,Tools
com.necessary.alarmclock,alarm_clock,Tools
com.niterations.chrono.alarmclock,alarm_clock,Productivity
com.niterations.chrono.alarmclock.key,alarm_clock,Productivity
com.nitinarya.surfalarmclockrelease,alarm_clock,Lifestyle
com.nldoy.alarmclock,alarm_clock,Tools
com.norcent.alarmclock,alarm_clock,Tools
com.oceanicsoftware.smartalarmclock,alarm_clock,Productivity
com.oceanicsoftware.smartalarmclock_free,alarm_clock,Productivity
com.oceanicsoftware.smartalarmclock_turkish,alarm_clock,Productivity
com.oceanicsoftware.smartalarmclock_turkish_free,alarm_clock,Productivity
com.omalleyland.simplealarmclock,alarm_clock,Productivity
com.omattos.alarmclock,alarm_clock,Tools
com.orologio_sveglia.alarmclock,alarm_clock,Tools
com.oxygenexplorer.madalarmclock,alarm_clock,Casual
com.paxtonpublishing.alarmclock,alarm_clock,Medical
com.perfectalarmclock.marwen,alarm_clock,Lifestyle
com.polydus.alarmclockfree,alarm_clock,Productivity
com.prestigealarm.clock,alarm_clock,Lifestyle
com.qralarmclock,alarm_clock,Tools
com.raghu.alarmclock,alarm_clock,Tools
com.rainbow.alarmclock,alarm_clock,Productivity
com.rocket.alarmclock,alarm_clock,Lifestyle
com.rs.lite.alarmclock,alarm_clock,Tools
com.ruiyu.voicealarmclock,alarm_clock,Productivity
com.scappz.alarmclockoptimus,alarm_clock,Tools
com.scappz.alarmclockoptimusadfree,alarm_clock,Tools
com.sciencefair.pinalarmclock,alarm_clock,Lifestyle
com.sierracircuit.alarmclock,alarm_clock,Tools
com.sinickey.alarmclock,alarm_clock,Tools
com.siosvitalarmclock,alarm_clock,Tools
com.slayminex.alarmclock,alarm_clock,Tools
com.smiley.alarmclock,alarm_clock,Personalization
com.sodanijawad11.alarmclockringtones.ringtonealarm,alarm_clock,Music_n_Audio
com.soloseal.analogalarmclock,alarm_clock,Lifestyle
com.soloseal.awesomealarmclock,alarm_clock,Lifestyle
com.soloseal.goodnightalarmclock,alarm_clock,Lifestyle
com.soloseal.moonphasealarmclock,alarm_clock,Lifestyle
com.soloseal.pinkalarmclock,alarm_clock,Lifestyle
com.soloseal.temperaturealarmclock,alarm_clock,Lifestyle
com.soloseal.travelalarmclock,alarm_clock,Lifestyle
com.soloseal.travelalarmclockjp,alarm_clock,Lifestyle
com.someonejust.kidsalarmclock,alarm_clock,Lifestyle
com.spinmealarmclock,alarm_clock,Tools
com.splunchy.android.alarmclock,alarm_clock,Tools
com.splunchy.android.alarmclock.donation,alarm_clock,Tools
com.sportalarmclockdemo,alarm_clock,Tools
com.sportsensoralarmclock,alarm_clock,Tools
com.srs.alarmClock,alarm_clock,Tools
com.ssoft.softalarmclock,alarm_clock,Tools
com.style_7.alarmdigitalclock_7,alarm_clock,Tools
com.sugeun.alarmclock,alarm_clock,Tools
com.superdevs.simplealarmclock,alarm_clock,Tools
com.sux.alarmclock,alarm_clock,Tools
com.taconairwaves.alarmclockplus,alarm_clock,Tools
com.taconairwaves.alarmclockplusfree,alarm_clock,Tools
com.thebasicapp.easyalarmclock,alarm_clock,Personalization
com.ticTacToeAlarmClock,alarm_clock,Lifestyle
com.ticTacToeAlarmClockLite,alarm_clock,Lifestyle
com.ticktockworldclock.alarmclock,alarm_clock,Productivity
com.timy.alarmclock,alarm_clock,Tools
com.tobishiba.alarmclock,alarm_clock,Tools
com.topfreeringtones.FunnyAlarmClockRingtones,alarm_clock,Music_n_Audio
com.topfreeringtones.RoosterAlarmClockSound,alarm_clock,Music_n_Audio
com.topfreeringtones.SuperLoudAlarmClock,alarm_clock,Music_n_Audio
com.toplovelyapps.alarmclockwidgetwallpaper,alarm_clock,Tools
com.trigg.alarmclock,alarm_clock,Tools
com.trung.tntstudio.puzzlealarmclockpro,alarm_clock,Tools
com.twentyfourktapps.zombiealarmclock,alarm_clock,Productivity
com.twentyfourktapps.zombiealarmclocklite,alarm_clock,Productivity
com.utepils.alarmclocknew,alarm_clock,Tools
com.volumique.PaperAlarmClock,alarm_clock,Tools
com.vp.alarmClockPlusDock,alarm_clock,Lifestyle
com.vp.alarmClockPlusV2,alarm_clock,Lifestyle
com.wakervideo.alarmclock,alarm_clock,Productivity
com.wakervideo.alarmclock.trial,alarm_clock,Productivity
com.wakeywakey2.alarmclock,alarm_clock,Productivity
com.welcome.androidalarmclock,alarm_clock,Lifestyle
com.wroclawstudio.puzzlealarmclock,alarm_clock,Tools
com.wroclawstudio.puzzlealarmclockkey,alarm_clock,Tools
com.yankeealarm.deskclock,alarm_clock,Lifestyle
com.yinplusplus.alarmclock,alarm_clock,Tools
com.ykart.tool.puzzlealarmclock,alarm_clock,Tools
com.ys.android.alarmclock,alarm_clock,Tools
de.foxylion.android.launchalarmclock,alarm_clock,Productivity
de.lukeslog.alarmclock,alarm_clock,Tools
de.mohr.software.alarmclockex,alarm_clock,Tools
dev.auspex.alarmclock,alarm_clock,Productivity
dev.auspex.alarmclock_v2,alarm_clock,Productivity
ergocano.yaalarmclockfree,alarm_clock,Tools
eugrepmac.rainbowalarmclock,alarm_clock,Tools
fi.tamk.puzzalarmclock,alarm_clock,Lifestyle
fr.hozakan.alarm_clock_intent,alarm_clock,Tools
galaxyapplication.com.AlarmClockVersionPro,alarm_clock,Lifestyle
galaxyapplication.com.alarmclock,alarm_clock,Lifestyle
in.comlog.alarmclock,alarm_clock,Health_n_Fitness
itcatoo.alarmclock,alarm_clock,Tools
jellyfish.Widgets.BareAlarmClock,alarm_clock,Personalization
jellyfish.Widgets.BareAlarmClock2,alarm_clock,Personalization
jellyfish.Widgets.ColorfulAlarmClockPack,alarm_clock,Personalization
jellyfish.Widgets.DonutAlarmClock,alarm_clock,Personalization
jellyfish.Widgets.DonutAlarmClock3,alarm_clock,Personalization
jellyfish.Widgets.DonutAlarmClock4,alarm_clock,Personalization
jellyfish.Widgets.DonutAlarmClock5,alarm_clock,Personalization
jellyfish.Widgets.DonutAlarmClockPack,alarm_clock,Personalization
jellyfish.Widgets.DotRibbonAlarmClockFREE,alarm_clock,Personalization
jellyfish.Widgets.DotRibbonAlarmClockPack,alarm_clock,Personalization
jellyfish.Widgets.FlourAlarmClock,alarm_clock,Personalization
jellyfish.Widgets.FreemasonAlarmClock5,alarm_clock,Personalization
jellyfish.Widgets.KurodenwaAlarmClock,alarm_clock,Personalization
jellyfish.Widgets.MarineRibbonAlarmClockFREE,alarm_clock,Personalization
jellyfish.Widgets.MensAlarmClockPack,alarm_clock,Personalization
jellyfish.Widgets.PastelAlarmClock,alarm_clock,Personalization
jellyfish.Widgets.PrincessAlarmClock01,alarm_clock,Personalization
jellyfish.Widgets.PrincessAlarmClock02,alarm_clock,Personalization
jellyfish.Widgets.PrincessAlarmClock03,alarm_clock,Personalization
jellyfish.Widgets.PrincessAlarmClock04,alarm_clock,Personalization
jellyfish.Widgets.PrincessAlarmClock1,alarm_clock,Personalization
jellyfish.Widgets.PrincessAlarmClock10,alarm_clock,Personalization
jellyfish.Widgets.PrincessAlarmClock11,alarm_clock,Personalization
jellyfish.Widgets.PrincessAlarmClock12,alarm_clock,Personalization
jellyfish.Widgets.PrincessAlarmClock13,alarm_clock,Personalization
jellyfish.Widgets.PrincessAlarmClock2,alarm_clock,Personalization
jellyfish.Widgets.PrincessAlarmClock3,alarm_clock,Personalization
jellyfish.Widgets.PrincessAlarmClock4,alarm_clock,Personalization
jellyfish.Widgets.PrincessAlarmClock5,alarm_clock,Personalization
jellyfish.Widgets.PrincessAlarmClock6,alarm_clock,Personalization
jellyfish.Widgets.PrincessAlarmClock7,alarm_clock,Personalization
jellyfish.Widgets.PrincessAlarmClock8,alarm_clock,Personalization
jellyfish.Widgets.PrincessAlarmClock9,alarm_clock,Personalization
jellyfish.Widgets.SteamPunkAlarmClock,alarm_clock,Personalization
jellyfish.Widgets.SteamPunkAlarmClock3,alarm_clock,Personalization
jellyfish.Widgets.SteamPunkAlarmClock4,alarm_clock,Entertainment
jellyfish.Widgets.SteamPunkAlarmClock5,alarm_clock,Personalization
jellyfish.Widgets.SteamPunkAlarmClockPack,alarm_clock,Personalization
jellyfish.Widgets.SyouwaAlarmClock1,alarm_clock,Personalization
jellyfish.Widgets.SyouwaAlarmClock2,alarm_clock,Personalization
jellyfish.Widgets.VintageAlarmClockPack,alarm_clock,Personalization
jellyfish.Widgets.feminineAlarmClock,alarm_clock,Personalization
jellyfish.Widgets.retoroAlarmClockPack,alarm_clock,Personalization
jp.AppDevMan.IrritableAlarmClock,alarm_clock,Tools
jp.co.shinko_1930.android.alarm_clock,alarm_clock,Lifestyle
jp.favorite.alarmclock.tokiko,alarm_clock,Lifestyle
jp.favorite.alarmclock.tokikofree,alarm_clock,Lifestyle
jp.studio12.calgotalarmclockflower,alarm_clock,Tools
jp.sweet.makoishino.alarmclock,alarm_clock,Entertainment
jp.team_edge_up.apli.alarmclock,alarm_clock,Tools
jp.team_edge_up.apli.alarmrandomclock,alarm_clock,Tools
jp.yasshi.SimpleAlarmClock,alarm_clock,Tools
k.soft.developersalarmclock,alarm_clock,Productivity
morning.alarm.clock,alarm_clock,Tools
mtwain.alarmclock.malarm,alarm_clock,Tools
my.app.AUI_AlarmClock,alarm_clock,Lifestyle
net.ej3.nightalarmclock,alarm_clock,Tools
net.electronic.alarmclock,alarm_clock,Tools
net.rage.alarmclock.lite,alarm_clock,Productivity
net.tushar.alarmclock,alarm_clock,Tools
net.uninc.alarmclock,alarm_clock,Tools
net.uninc.alarmclock2,alarm_clock,Tools
omalley.jlalarmclock,alarm_clock,Lifestyle
omalley.lvalarmclock,alarm_clock,Personalization
org.aom.alarmclock,alarm_clock,Weather
org.apache.cordova.alarm_clock,alarm_clock,Productivity
org.elhaddaji.SmartAlarmClockTimely,alarm_clock,Tools
org.example.alarmclocksleep,alarm_clock,Lifestyle
org.example.alarmclocksleepeng,alarm_clock,Lifestyle
org.optnlab.alarmclock,alarm_clock,Lifestyle
org.worldsproject.alarmclock,alarm_clock,Health_n_Fitness
parfenov.mobile.dsalarmclock,alarm_clock,Tools
perfect.alarm.clock.free,alarm_clock,Tools
pl.dedys.alarmclock,alarm_clock,Lifestyle
pl.thalion.mobile.thalion.analog.alarm.clock,alarm_clock,Tools
pl.w9.getupalarmclock,alarm_clock,Productivity
remy.jewishalarmclock,alarm_clock,Lifestyle
rillc.alarm.alarmclock,alarm_clock,Tools
ro.inkodev.math_alarm_clock,alarm_clock,Productivity
ru.appinmotion.alarmclock,alarm_clock,Tools
ru.peganov.musicfolderalarmclock,alarm_clock,Tools
ru.radiantdesign.alarmclock,alarm_clock,Lifestyle
sedibanow.alarmclock,alarm_clock,Productivity
sk.michalec.DigiAlarmClock,alarm_clock,Health_n_Fitness
tasev.aetas.alarm.clock,alarm_clock,Lifestyle
thewholecake.mumalarmclock,alarm_clock,Productivity
uk.co.olsonapps.easyrisealarmclock,alarm_clock,Health_n_Fitness
us.acin.alarmclock,alarm_clock,Tools
us.acin.alarmclock.ads,alarm_clock,Tools
wakemeup.alarm.clock,alarm_clock,Tools
xuanvtvp87.alarmclock,alarm_clock,Music_n_Audio
yogSoft.FACpack.flashingalarmclock,alarm_clock,Tools
yogSoft.FACpack.flashingalarmclockpro,alarm_clock,Tools
ch.bitspin.timely,Alarm_clock,Lifestyle
com.aigamomifi.alarmclockll2,Alarm_clock,Tools
com.andronicus.ledclock,Alarm_clock,Tools
com.apalon.myclockfree,Alarm_clock,Productivity
com.augmentedminds.waveAlarm,Alarm_clock,Tools
com.fric.woodlandalarm,Alarm_clock,Tools
com.google.android.deskclock,Alarm_clock,Tools
com.gubbel.nightclock.free,Alarm_clock,Tools
com.ihandysoft.alarmclock,Alarm_clock,Tools
com.ihandysoft.alarmclock.free,Alarm_clock,Tools
com.insplisity.wakeupringtones,Alarm_clock,Personalization
com.kog.alarmclock,Alarm_clock,Tools
com.macropinch.axe,Alarm_clock,Tools
com.rosamaria.svegliaparlante,Alarm_clock,Tools
com.splunchy.android.alarmclock,Alarm_clock,Tools
com.sykora.neonalarm.free,Alarm_clock,Lifestyle
com.vp.alarmClockPlusDock,Alarm_clock,Lifestyle
com.vuxia.glimmer,Alarm_clock,Lifestyle
galaxyapplication.com.alarmclock,Alarm_clock,Lifestyle
apps.batterydoctor.batterysaver,battery_saver,Tools
apps.fastcharger.batterysaver,battery_saver,Tools
apps.ignisamerica.batterysaver,battery_saver,Tools
apps.ignisamerica.batterysaver.pro,battery_saver,Tools
appscanyon.fastcharger.battery.saver,battery_saver,Tools
appstock.batterysaverandtaskkiller,battery_saver,Productivity
bananaapp.battery.saver,battery_saver,Tools
battery.saver.android.doctor.tietkiempin.automatic,battery_saver,Lifestyle
battery.saver.doctor,battery_saver,Tools
battery.saver.power.doctor,battery_saver,Tools
battery.saver.pro.doctor.saving.energy,battery_saver,Tools
batterydoctor.batterysaver.fastcharging,battery_saver,Tools
batterydoctor.fastcharger.batterysaver,battery_saver,Tools
batterydoctor.mps.batterysaver,battery_saver,Tools
batterydoctor.power.batterysaver,battery_saver,Tools
batterydoctor.saver.batterysaver,battery_saver,Tools
batterydoctorpro.fastcharger.batterysaver,battery_saver,Tools
batterylifedoctor.phonepowersaver.powerfulbattery2016,battery_saver,Tools
batteryphonesaver.taskkiller2016.batterydoctorcharger,battery_saver,Tools
batterysaver.com.charging.fast.saver.battery.technobatterytechnoapps,battery_saver,Tools
batterysaver.doctorpower.charger2016,battery_saver,Tools
batterysaverdoctor.phonepower.battery2016,battery_saver,Tools
big.battery.saver,battery_saver,Entertainment
biz.afya.advancedbatterysaver,battery_saver,Personalization
biz.afya.advancedbatterysaver.nfctasks,battery_saver,Tools
bluestacks.com.batterysaver,battery_saver,Productivity
booster.battery.saver.batterysaver,battery_saver,Tools
cm.du.go.battery.saver,battery_saver,Tools
com.AAABatterySaver.AAADev,battery_saver,Productivity
com.AKSH.batterylifesaver,battery_saver,Productivity
com.Adermodastudio.battery.saver,battery_saver,Tools
com.AndroidKing.Battery.Saver,battery_saver,Tools
com.Androidazu.batterysaverbooster,battery_saver,Productivity
com.Annouchmajdouline.batterysaver,battery_saver,Tools
com.AppRocks.mobiledata.battery.saver,battery_saver,Tools
com.Battery.batterysaverpro,battery_saver,Tools
com.BatteryOptimizerSaverLife,battery_saver,Tools
com.BatteryPowerSaver,battery_saver,Tools
com.BatterySaver360Free2015,battery_saver,Tools
com.BatterySaverBatteryDoctor.batterysaver,battery_saver,Tools
com.BatterySaverDoctorProtector,battery_saver,Tools
com.BatterySaverFree,battery_saver,Productivity
com.BatterySaverLife360,battery_saver,Tools
com.BatterySaverPowerDoctor.FreeBatteryDoctorSaver2015,battery_saver,Tools
com.BatterySaverUltimate2015,battery_saver,Tools
com.Batterysaver.DoctorLife,battery_saver,Tools
com.Best.Battery.SaversPro,battery_saver,Tools
com.FBox.batterysaver,battery_saver,Tools
com.FreeTipsBatterySaver,battery_saver,Tools
com.GT.premiumbatterysaver,battery_saver,Tools
com.RinoumOS.NewbatterysaverPro,battery_saver,Tools
com.SaveLifeBattery.BatteryDoctorPowerSaver,battery_saver,Tools
com.Sfa.battery.saver.booster,battery_saver,Tools
com.WorldWave.BatterySaverFree2016,battery_saver,Tools
com.Zelubeezeri.battery.saver,battery_saver,Tools
com.Zelubeezeru.batterysaver.repair,battery_saver,Tools
com.aamn.thebatterysaver,battery_saver,Tools
com.accdev.battery.optimizer.saver.life,battery_saver,Tools
com.accdev.battery.power.saver.mode,battery_saver,Tools
com.accdev.battery.saver2015,battery_saver,Tools
com.accdev.easy.battery.saver.pro,battery_saver,Tools
com.adermodu.batterysaver.repair,battery_saver,Tools
com.adf.smart_battery_saver,battery_saver,Productivity
com.adwave.tech.batterysaver,battery_saver,Tools
com.akkaya.apps.Battery.Saver,battery_saver,Tools
com.alarmsong.batterysaver,battery_saver,Tools
com.allmobileza.batterysaverplus,battery_saver,Tools
com.almtouzani.powerbatterysaverlife,battery_saver,Tools
com.amazingapp.BatteryPowerSaver,battery_saver,Tools
com.aminokee.batterysaver,battery_saver,Tools
com.ams.battery_life_saver_app_for_android,battery_saver,Productivity
com.amtee.batterysaver,battery_saver,Personalization
com.androapps.batterysaverplus,battery_saver,Tools
com.androidappteam.batterysaver,battery_saver,Productivity
com.androidappteam.batterysaverfree,battery_saver,Productivity
com.androidchamp.batterysaver,battery_saver,Tools
com.androiddevapps.batterydoctorsaver,battery_saver,Tools
com.androidteam.batterysaver1,battery_saver,Productivity
com.androizen.batterysaver,battery_saver,Productivity
com.andromaxio.easybatterysaver,battery_saver,Tools
com.anharticle.batterydoctorBatterieSaverBaidu,battery_saver,Productivity
com.anirfiverrapp.bestbatterysaver,battery_saver,Tools
com.anrapps.pixelbatterysaver,battery_saver,Tools
com.antitheft.antitheftbatterysaver,battery_saver,Tools
com.appadev.android.apps.batterysaverplus,battery_saver,Tools
com.appaspect.tech.batterysaver1,battery_saver,Tools
com.appatron.batterysaverpro,battery_saver,Productivity
com.appcon.BatterySaverRamCleaner,battery_saver,Tools
com.appsbazaar.batterysavertwo,battery_saver,Tools
com.appyapp.batterysaver,battery_saver,Tools
com.ar.apps.tools.batterysaver,battery_saver,Productivity
com.arabymobile.batterysaver,battery_saver,Entertainment
com.artech.one.tap.battery.saver.plus,battery_saver,Tools
com.artomoro.tech.batterycaresaver,battery_saver,Tools
com.astroba.BatterySaver,battery_saver,Tools
com.asw.advacnedbatterysaver,battery_saver,Tools
com.automaticbatterysaver,battery_saver,Productivity
com.avast.android.batterysaver,battery_saver,Tools
com.azend.monsterbatterysaver,battery_saver,Productivity
com.bananaDevteam.Battery.Saver.Battery.Doctor,battery_saver,Tools
com.banyaibalazs.batterysaverlollipop,battery_saver,Tools
com.batterie.battery.batteries.batterysaver.savebattery.savebattery,battery_saver,Tools
com.battery.batteryAndInternetDataSaver,battery_saver,Tools
com.battery.batteryPowerSaver,battery_saver,Tools
com.battery.saver.Booster.charger.appstack,battery_saver,Tools
com.battery.saver.app,battery_saver,Tools
com.battery.saver.arabystudiomobile,battery_saver,Tools
com.battery.saver.battery.doctor.magic,battery_saver,Tools
com.battery.saver.doctor,battery_saver,Tools
com.battery.saver.kyromobile,battery_saver,Tools
com.battery.saver.redmobile,battery_saver,Tools
com.battery.saver.samsung.power.pro.booster,battery_saver,Tools
com.battery.saver.saver,battery_saver,Tools
com.battery.saverdoctorplus,battery_saver,Tools
com.battery.saverpro,battery_saver,Tools
com.battery.saverpro2,battery_saver,Tools
com.battery_saver.power_doctor,battery_saver,Tools
com.batterybooster.powersaver,battery_saver,Productivity
com.batterybooster.saver,battery_saver,Tools
com.batterycurrent.batterysaver,battery_saver,Tools
com.batterygasaverpro.gaver,battery_saver,Tools
com.batterylifesaver.app,battery_saver,Tools
com.batterysaver.BatteryMonitor,battery_saver,Tools
com.batterysaver.BoosterEX,battery_saver,Tools
com.batterysaver.ShakeBatteryChargerprank,battery_saver,Tools
com.batterysaver.SolarBatteryChargerPrank,battery_saver,Tools
com.batterysaver.WifiBatteryChargerprank,battery_saver,Tools
com.batterysaver.app,battery_saver,Tools
com.batterysaver.asus,battery_saver,Tools
com.batterysaver.battery.phonebattery.sumsungbattery.saverbattery,battery_saver,News_n_Magazines
com.batterysaver.bdoctor,battery_saver,Tools
com.batterysaver.booster,battery_saver,Productivity
com.batterysaver.doctorpower.charger2016,battery_saver,Tools
com.batterysaver.doctorpower.save2016,battery_saver,Tools
com.batterysaver.dubatterydoctor2016,battery_saver,Tools
com.batterysaver.economiseurdebatterie,battery_saver,Tools
com.batterysaver.fastcharge,battery_saver,Personalization
com.batterysaver.fastcharging.batterydoctor,battery_saver,Tools
com.batterysaver.fastercharger,battery_saver,Tools
com.batterysaver.htc,battery_saver,Tools
com.batterysaver.josicaa,battery_saver,Tools
com.batterysaver.lowpowermode,battery_saver,Tools
com.batterysaver.naryapps,battery_saver,Tools
com.batterysaver.off3gwifi,battery_saver,Productivity
com.batterysaver.powersaver,battery_saver,Productivity
com.batterysaver.samsunggalaxy,battery_saver,Tools
com.batterysaver.ultimatepower,battery_saver,Productivity
com.batterysaver2016,battery_saver,Tools
com.batterysaver2016.batterydoctor2016,battery_saver,Tools
com.batterysaver2016.batterysaverfree,battery_saver,Tools
com.batterysaverbatterydoctor2015,battery_saver,Tools
com.batterysaverguide.batteryconservationguide,battery_saver,Productivity
com.batterysaverpro.app,battery_saver,Productivity
com.batterysaverwidget,battery_saver,Productivity
com.batteryshpsaverplus,battery_saver,Tools
com.batterytools.batterysaver,battery_saver,Tools
com.bcorp.batterysaver,battery_saver,Tools
com.bensoft.app.batterysaver,battery_saver,Tools
com.bestbattery.saverpower,battery_saver,Tools
com.bestmobilemanager.BestBatterySaver,battery_saver,Productivity
com.biltekno.freebatterysaverv2,battery_saver,Education
com.bitra.doublebatterysaver,battery_saver,Tools
com.bitricksolution.battaymonitorandbatterysaver,battery_saver,Tools
com.bitricksolution.shutappsbatterysaver,battery_saver,Tools
com.casabatterysaver.dubatterydoctor,battery_saver,Tools
com.cca.batterysaver.optimizer,battery_saver,Tools
com.ccy.android.BatterySaver,battery_saver,Tools
com.ce.GoodTabletBatterySaver,battery_saver,Tools
com.cfsuman.me.batterysaver,battery_saver,Productivity
com.ch.BatteryLifeSaver,battery_saver,Tools
com.chomic.dozebatterysaver,battery_saver,Productivity
com.ciuapp.batterysaver,battery_saver,Productivity
com.cleanmaster.batterysaverdoctorcheck,battery_saver,Tools
com.comodo.batterysaver,battery_saver,Tools
com.cresappca.ultimate.battery.saver.doctor,battery_saver,Tools
com.crunchyapps.batterysaver,battery_saver,Tools
com.crush.batterysaver,battery_saver,Tools
com.crush.batterysaver.du,battery_saver,Tools
com.cybis.fast.battery.charger.and.saver,battery_saver,Tools
com.danez.ultimatebatterysaver,battery_saver,Productivity
com.demibuoc.BatterySaverDoctor,battery_saver,Tools
com.digitalzone.batterysaver,battery_saver,Tools
com.digitalzone.batterysaverpro,battery_saver,Tools
com.dilapedia.batterysaver,battery_saver,Tools
com.dilas.tech.batterysaver,battery_saver,Productivity
com.distanpow.BatterySaverTw,battery_saver,Tools
com.diversapps.batterydoctorpowersaverapp,battery_saver,Tools
com.doionline.batterysaver,battery_saver,Tools
com.dolphin.battery.saver,battery_saver,Lifestyle
com.dotlions.batterysaver,battery_saver,Tools
com.droidhackers.wear.batterysaver,battery_saver,Productivity
com.drunkenmonkey.batterysaver,battery_saver,Tools
com.dubatterysaver.batterydoctordu,battery_saver,Tools
com.dzandroid.batterysaver,battery_saver,Productivity
com.easylogics.battery.saver.master,battery_saver,Tools
com.eltahdib.AdvancedBatterySaver,battery_saver,Tools
com.evadev.battery.saver,battery_saver,Tools
com.exobatterysaver.lifestyle,battery_saver,Tools
com.fantasticone.batterysaverapp,battery_saver,Productivity
com.farsi.batterysaver,battery_saver,Books_n_Reference
com.fast.battery.saver.charging.gruapps,battery_saver,Tools
com.fastcharging.batterysaver,battery_saver,Tools
com.fasteasy.battery.deepsaver,battery_saver,Tools
com.fbd.battery.saver,battery_saver,Tools
com.floriandraschbacher.batterysaver.free,battery_saver,Tools
com.floriandraschbacher.batterysaver.pro,battery_saver,Tools
com.freeappsforyou.batterysaver,battery_saver,Tools
com.freebatterydoctorsaver.dubatterysaver,battery_saver,Tools
com.freebatterysaver2015.batteriesboostersaver,battery_saver,Tools
com.freebatterysaver2015.dubatteryspeedbooster,battery_saver,Tools
com.fsepi.batterysaver,battery_saver,Tools
com.futureapps.ram_booster_battery_saver,battery_saver,Tools
com.gamexstudio.freebatterysaverapp,battery_saver,Tools
com.ggdiam.batterysaver,battery_saver,Tools
com.ggdiam.batterysaver.trial,battery_saver,Tools
com.glade.batterysaver,battery_saver,Tools
com.gonext.BatterySaver,battery_saver,Tools
com.hakiles.batterysaverplus,battery_saver,Productivity
com.hangoverstudios.batterysaver,battery_saver,Tools
com.haris_batterysaverplus,battery_saver,Productivity
com.hbx.battery.saver2015,battery_saver,Tools
com.highlyrecommendedapps.batterysaver,battery_saver,Tools
com.hiro.sada.android.batterySaver,battery_saver,Tools
com.horizon.batterysaver,battery_saver,Tools
com.humonegro.MobileBatterySaver,battery_saver,Productivity
com.iamyayha.dubatterysaverpowerdoctor,battery_saver,Books_n_Reference
com.infoz.batterysaver,battery_saver,Tools
com.isnowstudio.batterysaver,battery_saver,Tools
com.isnowstudio.batterysaverpro,battery_saver,Tools
com.itcapp.batterysaver,battery_saver,Tools
com.itsybitsysoftware.batterysaver,battery_saver,Tools
com.itsybitsysoftware.batterysaverfree,battery_saver,Tools
com.jasonhsu.batterysaverflashlight,battery_saver,Lifestyle
com.jede.batterysaverpro,battery_saver,Tools
com.jeffdev.batterysaverpro,battery_saver,Tools
com.jiratbatlite.tech.batterysaver,battery_saver,Tools
com.jiratblack.tech.batterysaver,battery_saver,Tools
com.jp.crtecteam.batterysaver,battery_saver,Tools
com.justanothertry.batterysaver,battery_saver,Productivity
com.kaefa.batterysaverplusv1,battery_saver,Tools
com.kb.adamsbatterysaver,battery_saver,Tools
com.king.batterysaver,battery_saver,Tools
com.kingdombrutaldev.battery.saver2016,battery_saver,Tools
com.kingdombrutaldev.batterysaver.powerdoctor,battery_saver,Tools
com.kingtoolsapps.batterydoctor.batteriesaver,battery_saver,Tools
com.kreptile.BrightnessBatterySaverWidget,battery_saver,Tools
com.ktnteam.batterysavercharger,battery_saver,Tools
com.lc.batterysaver,battery_saver,Personalization
com.lilo.adamsbatterysaver,battery_saver,Tools
com.liquidum.batterysaver,battery_saver,Productivity
com.littlefroginc.ultimatebatterysaverhd,battery_saver,Tools
com.livesbattery.batterysaverthai,battery_saver,Tools
com.ln.cleaner_batterysaver,battery_saver,Tools
com.logapps.batterysaver,battery_saver,Tools
com.loopgam.EasyBatterySaverPro,battery_saver,Tools
com.lproperti.batterysaver.doublepower,battery_saver,Productivity
com.magic.batterysaverplus,battery_saver,Tools
com.magicapps.android.batterysavermagic,battery_saver,Productivity
com.marketing.BatteryLifeBatterySaver,battery_saver,Tools
com.maro.batterysaverpro,battery_saver,Tools
com.maroondev.battery.saver.power.doctor,battery_saver,Tools
com.mathesoft.batterysaverwidget,battery_saver,Tools
com.mayur.megabatterysaver,battery_saver,Tools
com.mebapp.batterysaver.optimizer,battery_saver,Tools
com.megaprosoft.batterysaverplus,battery_saver,Tools
com.metamorphosis.apps.android.boosterplusbatterysaverpro,battery_saver,Tools
com.metardev.batterysaver.free,battery_saver,Tools
com.microapksoftwares.batterysaverlite,battery_saver,Tools
com.mlw.blackwallpaperbatterysaver,battery_saver,Tools
com.mobappdao.tech.batterysaver,battery_saver,Tools
com.mobilebatterysaver.batterychecker,battery_saver,Tools
com.mobilelabtech.batterydoctor.powersaver.battery,battery_saver,Tools
com.mobozz.batterysaver,battery_saver,Tools
com.motadev.smartbatterysavermaster,battery_saver,Tools
com.mt.battery.charger.saver.doctor,battery_saver,Tools
com.mvcreatives.batterysaver,battery_saver,Tools
com.my.repair.battery.saver.tip,battery_saver,Books_n_Reference
com.myandroidsweets.batterysaver,battery_saver,Productivity
com.myth.batterysaver,battery_saver,Productivity
com.napatdev.bestsuperbatterysaver,battery_saver,Tools
com.nappsstudio.batterysaver,battery_saver,Tools
com.niwatoverdev.batterysaver,battery_saver,Tools
com.nopdev.truebatterylifesaver,battery_saver,Tools
com.nottydev.batterypowersaver,battery_saver,Tools
com.nqgak52156.taskkillerbatterysaver,battery_saver,Books_n_Reference
com.omediaplus.batterypowersaver2,battery_saver,Tools
com.onexsoftech.batterysaver,battery_saver,Tools
com.opengarden.batterysaver,battery_saver,Tools
com.orchidatech.batterysaver,battery_saver,Productivity
com.os.battery.saver.power.defender,battery_saver,Tools
com.osxor.batterysaverproxy,battery_saver,Communication
com.pace.batterysaver,battery_saver,Tools
com.pckmnlabs.batterysaver,battery_saver,Productivity
com.pclogic.batterysaver.app,battery_saver,Tools
com.phonato.batterysaver.activities,battery_saver,Tools
com.pixel.bestbatterysaver,battery_saver,Tools
com.playslide.batterysaverbatterydoctor,battery_saver,Tools
com.playslide.thermometer.batterysaver.body.temperature,battery_saver,Entertainment
com.powerdoctor.batterysaver,battery_saver,Tools
com.pro.battery.saver.plus,battery_saver,Tools
com.pro.batterysaver.du.battery,battery_saver,Tools
com.pro_battery_saver,battery_saver,Tools
com.protool.BatteryLifeSaver,battery_saver,Tools
com.qihoo.batterysaverplus,battery_saver,Tools
com.qoqzx.batterysaverforfree,battery_saver,Lifestyle
com.queenight.batterysaverdoct,battery_saver,Tools
com.rabbie.batterysaverboosterappfree,battery_saver,Tools
com.rainmaker.android.batterysaver,battery_saver,Productivity
com.rainmaker.android.batterysaver.onandonbatterysaver,battery_saver,Productivity
com.raiseinfosoft.batterysaver,battery_saver,Tools
com.ramcleaner.rambooster.batterysaver.appmanager,battery_saver,Tools
com.rani.bestbatterysaverapp,battery_saver,Tools
com.raptorhub.autobatterysaver,battery_saver,Tools
com.regalo.batterysaver,battery_saver,Tools
com.reni.free.batterysaver.speedboosterLite,battery_saver,Tools
com.revocenterdev.antilowbat.batteryheroes.taskkiller.bateraitahanlama.batterysaver.batterydoctor,battery_saver,Tools
com.root.battery.saver.sleep.hibernation,battery_saver,Tools
com.samira.batterydoctorpowersaver,battery_saver,Tools
com.savanapps.batterysaver,battery_saver,Tools
com.savee.battery.saver,battery_saver,Tools
com.saving.batterysaverapps,battery_saver,Books_n_Reference
com.scogeek.batterysaver.pro,battery_saver,Tools
com.scriptonapp.batterysaver,battery_saver,Entertainment
com.shepppsworld.batterysaver,battery_saver,Tools
com.signatic.batterysaver,battery_saver,Tools
com.skuba.batterysaverextremepremium,battery_saver,Tools
com.smartapps.batterysaver,battery_saver,Productivity
com.softapp.batterysaverfree,battery_saver,Productivity
com.softwarebattery.batterysaver,battery_saver,Tools
com.sologame.batterysaver,battery_saver,Tools
com.sparkbatt.BatterySaverPro,battery_saver,Tools
com.star.batterysaver,battery_saver,Productivity
com.studiofrapps.obatterysaver1,battery_saver,Tools
com.studiofreeapps.Probatterysaver,battery_saver,Tools
com.studiofreeappsa.batterysaver,battery_saver,Tools
com.superbattery.saver,battery_saver,Tools
com.surfdevstudio.batterysaver,battery_saver,Tools
com.taitsudeve.Powerbatterysaver,battery_saver,Tools
com.tapevolve.util.batterysaver,battery_saver,Productivity
com.tatbi9atarabiyamajaniya.batterysaver,battery_saver,Tools
com.tatbi9atarabiyamajaniya.batterysaverfree,battery_saver,Tools
com.tawaran.batterysaverplus,battery_saver,Tools
com.th3promarketer.masterbatterysaver,battery_saver,Tools
com.theapprain.devicebooster.battery.life.saver,battery_saver,Tools
com.theappsglobe.Battery.Saver.Power.Doctor,battery_saver,Tools
com.theappshero.ProBatterySaverBooster,battery_saver,Tools
com.theedev.batterymasterlifesaver,battery_saver,Tools
com.tighzprobattery.batterysaver,battery_saver,Tools
com.tmcorp.batterysavertips,battery_saver,Books_n_Reference
com.tmeliveclockapps.batterysaverclock,battery_saver,Personalization
com.tombaky.simple.battery.and.data.saver,battery_saver,Tools
com.toolsgroup.batterysaver,battery_saver,Tools
com.toptools.batterysaver,battery_saver,Tools
com.tranlatoor.batterySaver,battery_saver,Tools
com.treexbatterysaverfor2015,battery_saver,Tools
com.trusted.smart.battery.saver,battery_saver,Tools
com.undertech.autobatterysaver,battery_saver,Tools
com.upbox.BatterySaver2x,battery_saver,Libraries_n_Demo
com.utools.battery.saver,battery_saver,Tools
com.vdc.batterysaver,battery_saver,Tools
com.vectorsolution.auto.battery.saver,battery_saver,Tools
com.vigyanlabs.ipmplus.ipmpluspremium.batterysaver,battery_saver,Tools
com.vigyanlabs.ipmplus.ipmpluspro.batterysaver,battery_saver,Tools
com.vilvilad.battery.saver,battery_saver,Tools
com.vw.andvancebatterysaver,battery_saver,Tools
com.wals.bestbatterysaver,battery_saver,Tools
com.warakizi.batterysaverapp,battery_saver,Tools
com.wavelabmobile.batterysaverpro,battery_saver,Productivity
com.waywayapps.light.battery.saver,battery_saver,Entertainment
com.whimsical.batterydoctorsaver,battery_saver,Tools
com.wizman.superbatterysaverpro,battery_saver,Tools
com.wolfsmedia.nightbatterysaver,battery_saver,Tools
com.worldwave.BatterySaver2,battery_saver,Tools
com.worldwave.batterysaverextra,battery_saver,Tools
com.worldwave.batterysaverfree2,battery_saver,Tools
com.worldwave.batterysavergalaxy,battery_saver,Tools
com.worldwave.batterysaverplus,battery_saver,Tools
com.worldwave.batterysaverultra,battery_saver,Tools
com.yiha.savee.battery.saver,battery_saver,Tools
com.yildizmedya.batterysaver,battery_saver,Tools
com.youbel.batterysaver,battery_saver,Tools
com.yourgan.LastVersionBatterySaver,battery_saver,Tools
com.yoyozdev.battery.life.saver.free,battery_saver,Tools
com.ysapps.tools.batterysaver,battery_saver,Tools
com.zemoapps.batterysaver,battery_saver,Tools
com.zerahan.battery_saver,battery_saver,Productivity
cyna.jokergero.batterysaver,battery_saver,Tools
cyna.pixystodio.batterysaver,battery_saver,Tools
de.itdevcrowd.easybatterysaver,battery_saver,Tools
de.szalkowski.adamsbatterysaver,battery_saver,Tools
doctor.batterysaver.android,battery_saver,Tools
edges.android.batterysaver,battery_saver,Tools
fastsoft.charger.faster.booster.batterysaver,battery_saver,Tools
freeappforandroid.battery.saverpo,battery_saver,Tools
freebatterydoctor.savercharger.saverpower2016,battery_saver,Tools
gantana.battery.saver,battery_saver,Tools
happyapp11.battery.repair.saver,battery_saver,Tools
home.solo.plugin.batterysaver,battery_saver,Tools
hundred.five.easybatterysaver,battery_saver,Tools
id.almas.batterysaverpro,battery_saver,Tools
jp.co.elecom.android.batterysaver,battery_saver,Tools
jp.co.intri.tools.BatterySaver,battery_saver,Business
jp.millennium.ncl.batterysaver,battery_saver,Tools
jp.takanashi.batterysaver,battery_saver,Tools
launcher.battery.doctor.saver,battery_saver,Tools
mindlogicsolutions.onetouchbatterysaver,battery_saver,Tools
mobi.infolife.batterysaver,battery_saver,Productivity
mobi.infolife.batterysaveradremover,battery_saver,Productivity
net.simplyadvanced.batterysavershortcutandwidget,battery_saver,Tools
org.batterysaver.client,battery_saver,Communication
org.developer.batterylifepowersaver.freeapp,battery_saver,Tools
pl.orendi.batterysaver,battery_saver,Tools
saver.battery.craigs.craigsbatterysaver,battery_saver,Communication
seed7studio.battery.saver,battery_saver,Tools
tech.welborn.com.batterysaver,battery_saver,Tools
technomart.supercharger.fastcharger.batterycharging.batterysaver,battery_saver,Tools
tools.best.battery.saver,battery_saver,Tools
us.bt.truebatterysaver.booster,battery_saver,Productivity
usefulappsoft.battery.batterysaver,battery_saver,Tools
vareyama.battery.saver.plus,battery_saver,Tools
widget.power.battery.saver,battery_saver,Tools
zerooneapp.battery.repair.saver,battery_saver,Tools
apps.ignisamerica.batterysaver,Battery_saver,Tools
battery.saver.doctor,Battery_saver,Tools
cm.du.go.battery.doctor,Battery_saver,Tools
cm.du.go.battery.saver,Battery_saver,Tools
com.akkaya.apps.Battery.Saver,Battery_saver,Tools
com.avast.android.batterysaver,Battery_saver,Tools
com.dianxinos.dxbs,Battery_saver,Tools
com.fasteasy.battery.deepsaver,Battery_saver,Tools
com.gau.go.launcherex.gowidget.gopowermaster,Battery_saver,Tools
com.ijinshan.kbatterydoctor_en,Battery_saver,Tools
com.kingtoolsapps.batterydoctor.batteriesaver,Battery_saver,Tools
com.linpus.battery,Battery_saver,Tools
com.macropinch.pearl,Battery_saver,Tools
com.mcafee.batteryoptimizer,Battery_saver,Tools
com.oasisfeng.greenify,Battery_saver,Tools
com.quartzapp.optimizadorBateria,Battery_saver,Tools
com.sologame.batterysaver,Battery_saver,Tools
com.voaltun.optimizer,Battery_saver,Tools
lync.com.batteryoptimizer,Battery_saver,Tools
com.psafe.powerpro,Battery_saver,Tools
com.aqua.apps.cocktails.drinks.recipes,drink_recipes,Lifestyle
com.christmas.drink.recipes,drink_recipes,Lifestyle
com.chudodevelop.drinkrurecipesru.free,drink_recipes,Books_n_Reference
com.cookware.healthydrinkrecipes,drink_recipes,Health_n_Fitness
com.detoxdrinks.weightloss.recipes,drink_recipes,Health_n_Fitness
com.diabetesdrinkrecipes.diabetesdrinkrecipes,drink_recipes,Health_n_Fitness
com.drink.recipes.cocktails.rus,drink_recipes,Lifestyle
com.drinks.cocktailrecipes,drink_recipes,Lifestyle
com.drinks.recipes,drink_recipes,Books_n_Reference
com.drinksrecipe.drinkrecipes,drink_recipes,Lifestyle
com.extwebtech.healthydrinksrecipes,drink_recipes,Health_n_Fitness
com.foodfree.drinksrecipes,drink_recipes,Health_n_Fitness
com.forevertoy.drinkrecipes,drink_recipes,Lifestyle
com.freeappscollection.blended.cocktails.drinks.recipes,drink_recipes,Health_n_Fitness
com.freeappscollection.coffee.drinks.recipes,drink_recipes,Health_n_Fitness
com.freeappscollection.gin.drinks.recipes,drink_recipes,Health_n_Fitness
com.freeappscollection.juice.drinks.recipes,drink_recipes,Health_n_Fitness
com.freeappscollection.lemonade.drinks.recipes,drink_recipes,Health_n_Fitness
com.freeappscollection.margaritas.drinks.recipes,drink_recipes,Health_n_Fitness
com.freeappscollection.martinis.drinks.recipes,drink_recipes,Health_n_Fitness
com.freeappscollection.punch.drinks.recipes,drink_recipes,Books_n_Reference
com.freeappscollection.rum.drinks.recipes,drink_recipes,Books_n_Reference
com.freeappscollection.sangria.drinks.recipes,drink_recipes,Health_n_Fitness
com.freeappscollection.shakes.floats.drinks.recipes,drink_recipes,Health_n_Fitness
com.freeappscollection.smoothies.drinks.recipes,drink_recipes,Health_n_Fitness
com.freeappscollection.tea.drinks.recipes,drink_recipes,Health_n_Fitness
com.freeappscollection.tequila.drinks.recipes,drink_recipes,Health_n_Fitness
com.freeappscollection.vodka.drinks.recipes,drink_recipes,Health_n_Fitness
com.freeappscollection.whiskey.drinks.recipes,drink_recipes,Health_n_Fitness
com.halloween.drink.recipes,drink_recipes,Lifestyle
com.halloween.party.drink.recipes,drink_recipes,Entertainment
com.hmdev.freshdrinkrecipesideas,drink_recipes,Lifestyle
com.hmdev.hotdrinkrecipesideas,drink_recipes,Lifestyle
com.jw27.drinkrecipesfree27,drink_recipes,Entertainment
com.ladypinggy.drinkrecipes,drink_recipes,Lifestyle
com.life.plus.studios.bartender.drink.recipes,drink_recipes,Lifestyle
com.life.plus.studios.bartender.drink.recipes.light,drink_recipes,Tools
com.liferecipes.drinksrecipes,drink_recipes,Health_n_Fitness
com.mrv.drinkrecipes,drink_recipes,Books_n_Reference
com.yolobookstories.detoxdrinksrecipesyolo,drink_recipes,Books_n_Reference
cooking.drink.recipes,drink_recipes,Lifestyle
cookingdrink.cocktail.recipes,drink_recipes,Lifestyle
corn.drinksrecipes,drink_recipes,Lifestyle
daily.drink.recipes,drink_recipes,Lifestyle
drink.coffee.recipes,drink_recipes,Lifestyle
drink.juicing.recipes,drink_recipes,Health_n_Fitness
drink.recipes.ar,drink_recipes,Lifestyle
drink.smoothie.recipes,drink_recipes,Lifestyle
foodanddrink.inc.christmasrecipes,drink_recipes,Lifestyle
foodanddrink.inc.recipeseitan,drink_recipes,Social
foodanddrink.inc.tempehrecipes,drink_recipes,Health_n_Fitness
foodanddrink.inc.tofurecipes,drink_recipes,Health_n_Fitness
foodanddrink.inc.vegetarianrecipes,drink_recipes,Health_n_Fitness
masalatv.khanapakana.drinkrecipesinurdu,drink_recipes,Books_n_Reference
org.yolcuyuz.partydrinksrecipes,drink_recipes,Lifestyle
com.aqua.apps.cocktails.drinks.recipes,Drink_Recipes,Lifestyle
com.digitaloutcrop.mixology,Drink_Recipes,Lifestyle
com.guru.cocktails,Drink_Recipes,Lifestyle
com.LEO.Mr_Bartender,Drink_Recipes,Lifestyle
com.liferecipes.drinksrecipes,Drink_Recipes,Health_n_Fitness
com.mybarapp.free,Drink_Recipes,Lifestyle
com.webworks.drinkscocktails,Drink_Recipes,Entertainment
hu.distinction.cflow,Drink_Recipes,Lifestyle
acc.file.explorer,file_explorer,Productivity
ch.tobiasfluehmann.FileExplorer,file_explorer,Productivity
co.com.fileExplorerInAndroid,file_explorer,Tools
co.com.fileExplorerPhone,file_explorer,Tools
com.BenLin.BLFileExplorer.Free,file_explorer,Tools
com.BenLin.BLFileExplorer.Release,file_explorer,Tools
com.Detip.simplefileexplorer,file_explorer,Tools
com.LongLizard.FileExplorer,file_explorer,Productivity
com.abc.fileexplorer,file_explorer,Tools
com.afanche.android.FileExplorer,file_explorer,Tools
com.alefsoft.fileexplorer,file_explorer,Tools
com.alefsoft.fileexplorertrial,file_explorer,Tools
com.amit.fileexplorer,file_explorer,Tools
com.anstudios.fileexplorer,file_explorer,Tools
com.anyapps.fileexplorer,file_explorer,Tools
com.apnitor.fileexplorer,file_explorer,Tools
com.appstall.fileExplorer,file_explorer,Productivity
com.artone.fileexplorer,file_explorer,Tools
com.asp.android.fileexplorer,file_explorer,Tools
com.baselyous.fileexplorer,file_explorer,Tools
com.best.filemanager.fileexplorer,file_explorer,Tools
com.boutique.tools.powfulfileexplorer,file_explorer,Tools
com.bthang.fileexplorerpro,file_explorer,Productivity
com.bullient.thefileexplorer,file_explorer,Productivity
com.campmobile.android.dodolfileexplorer,file_explorer,Productivity
com.daniel.fileexplorer,file_explorer,Tools
com.dnb.fileExplorer,file_explorer,Tools
com.dooblou.WiFiFileExplorer,file_explorer,Tools
com.dooblou.WiFiFileExplorerPRO,file_explorer,Tools
com.easyapps.fileexplorer,file_explorer,Tools
com.ej.chan.fileexplorer,file_explorer,Tools
com.file.explorer.android,file_explorer,Tools
com.file.explorer2.manager2,file_explorer,Productivity
com.fileexplorer.app,file_explorer,Productivity
com.filemanager.fileexplorer,file_explorer,Tools
com.filemanager.sdexplorer,file_explorer,Tools
com.filemanagerapps.rootexplorerapps,file_explorer,Tools
com.forfunapp.fileexplorer,file_explorer,Tools
com.freshlimeapps.simplefileexplorer,file_explorer,Tools
com.fullStackApps.fileExplorer,file_explorer,Tools
com.globile.myfileexplorer,file_explorer,Tools
com.happybluefin.android.fileexplorer,file_explorer,Tools
com.headzeal.mobifileexplorer,file_explorer,Tools
com.hiwapps.fileexplorer,file_explorer,Productivity
com.iamyayha.esfileexplorerfilemanager,file_explorer,Books_n_Reference
com.ifiles.manager.hd.explorer,file_explorer,Tools
com.infoland.fileexplorer,file_explorer,Productivity
com.janestuads.filemanagerexplorersftp,file_explorer,Tools
com.jayvp.profileexplorer,file_explorer,Tools
com.jppjff.fileexplorer,file_explorer,Tools
com.ks.file.explorer,file_explorer,Tools
com.ladvan.fileexplorer,file_explorer,Tools
com.ladvan.fileexplorer.trial,file_explorer,Tools
com.landa.fileexplorermanager,file_explorer,Productivity
com.lbo.fileexplorer,file_explorer,Tools
com.lbo.fileexplorertest,file_explorer,Tools
com.lordblacksuca.SmartWatch_FileExplorer,file_explorer,Productivity
com.mah.fileexplorer,file_explorer,Tools
com.mauriciotogneri.fileexplorer,file_explorer,Tools
com.mdc.vendetta.file.explorer,file_explorer,Productivity
com.mkr.file_explorer,file_explorer,Productivity
com.mysample.FileExplorer,file_explorer,Tools
com.nexobeam.file.explorer,file_explorer,Communication
com.on.fileexplorer,file_explorer,Tools
com.opersys.fileexplorer,file_explorer,Tools
com.pcpdappdev.fileexplorer,file_explorer,Tools
com.seeke.fileexplorer,file_explorer,Tools
com.simple.file.explorer,file_explorer,Tools
com.skyjos.apps.fileexplorer,file_explorer,Tools
com.skyjos.apps.fileexplorerfree,file_explorer,Tools
com.sozturk.fileexplorer,file_explorer,Tools
com.sunnybalancer.fileexplorer,file_explorer,Tools
com.svad.fileexplorer,file_explorer,Tools
com.tba.fileexplorer,file_explorer,Tools
com.teebik.fileexplorer,file_explorer,Productivity
com.the_morpher.www.nexusfileexplorerlite,file_explorer,Tools
com.the_morpher.www.nexusfileexplorerpro,file_explorer,Tools
com.theruralguys.fileexplorer,file_explorer,Entertainment
com.tinydragon.fileexplorer,file_explorer,Productivity
com.tlc.tsfileexplorer,file_explorer,Productivity
com.tth.wearable.FileExplorer,file_explorer,Tools
com.txlabz.file.explorer.free,file_explorer,Tools
com.txlabz.file.explorer.pro,file_explorer,Tools
com.victory.fileexplorer,file_explorer,Tools
com.vinlab.fileexplorerforgoogledrive,file_explorer,Productivity
com.vivan.fileexplorer,file_explorer,Productivity
com.wp.computer.file.explorer.ten,file_explorer,Tools
com.wp.file.explorer.ten,file_explorer,Personalization
com.xframelabs.fileexplorer,file_explorer,Tools
com.xtension.FileExplorer,file_explorer,Tools
com.yippee.fileexplorer,file_explorer,Tools
corbella.mobile.android.fileexplorer,file_explorer,Tools
corbella.mobile.android.fileexplorerpro,file_explorer,Tools
cr.file.explorer,file_explorer,Tools
er.luster.fileexplorer,file_explorer,Tools
es.file.explorer.manager.locker,file_explorer,Personalization
eu.lequem.lollipopfileexplorer,file_explorer,Tools
file.explorer.filexplorer.explorador.archivos,file_explorer,Tools
file.explorer.me.blog.sungho0459.fileexplorer,file_explorer,Personalization
filemanager.filecommander.fileexplorer.file.manager.commander.explorer,file_explorer,Productivity
fr.g_company.g_fileexplorer,file_explorer,Tools
free.app.mobile.ifile.manager.explorer,file_explorer,Tools
ikach.file.explorer,file_explorer,Entertainment
jec.cm11.fileexplorercopy,file_explorer,Productivity
kgkgkg.hong.juneFileExplorer,file_explorer,Tools
kr.android.v2fileExplorer,file_explorer,Tools
me.crossle.fileexplorer,file_explorer,Lifestyle
me.jetho.fileexplorer,file_explorer,Business
me.jetho.fileexplorer4,file_explorer,Business
mh27.solutions.fileexplorer,file_explorer,Personalization
my.lyc.NanoFileExplorer,file_explorer,Productivity
myfone.file.explorer,file_explorer,Tools
nalic.app.fileexplorer,file_explorer,Tools
net.ado.fileexplorer,file_explorer,Tools
net.ansoft.fileexplorer,file_explorer,Personalization
net.appositedesigns.fileexplorer,file_explorer,Tools
net.bao.fileexplorer,file_explorer,Personalization
net.forkspoon.fileexplorer,file_explorer,Tools
net.i.akihiro.SimpleFileExplorer,file_explorer,Productivity
net.noads.fileexplorer,file_explorer,Tools
org.codein.fileexplorer,file_explorer,Media_n_Video
org.file.manager.explorer,file_explorer,Tools
pk.fileexplorer,file_explorer,Tools
pl.com.morgoth.fileexplorer,file_explorer,Tools
plh.fileexplorerpro,file_explorer,Personalization
ro.rbrtoanna.fileexplorer,file_explorer,Tools
ru.alliancesoftware.xfilesexplorer,file_explorer,Productivity
ru.alliancesoftware.xfilesexplorerbuy,file_explorer,Productivity
sightidea.com.fileexplorer,file_explorer,Tools
spectralvibes.fileexplorer,file_explorer,Productivity
x.WifiPCFileExplorerFree,file_explorer,Tools
x.WifiPCFileExplorerPro,file_explorer,Tools
x.WifiPCFileExplorerSilver,file_explorer,Tools
zeroapp.fileexplorer,file_explorer,Tools
com.Adcoms.FileSystem,File_Explorer,Productivity
com.alphainventor.filemanager,File_Explorer,Productivity
com.asus.filemanager,File_Explorer,Tools
com.duyhoang.filemanager,File_Explorer,Tools
com.estrongs.android.pop,File_Explorer,Productivity
com.ghisler.android.TotalCommander,File_Explorer,Tools
com.lonelycatgames.Xplore,File_Explorer,Tools
com.metago.astro,File_Explorer,Productivity
com.mobisystems.fileman,File_Explorer,Business
com.onegogo.explorer,File_Explorer,Tools
com.probcomp.filexplorer,File_Explorer,Productivity
com.smartwho.SmartFileManager,File_Explorer,Productivity
com.speedsoftware.explorer,File_Explorer,Productivity
com.vj.filemanager,File_Explorer,Productivity
nextapp.fx,File_Explorer,Business
org.openintents.filemanager,File_Explorer,Productivity
pl.mkexplorer.kormateusz,File_Explorer,Productivity
pl.solidexplorer2,File_Explorer,Productivity
air.LunarCalendar,lunar_calendar,Productivity
at.nineyards.lunarcalendar,lunar_calendar,Lifestyle
calendariolunar2015.app.jacrdeveloper.com.calendariolunar2015,lunar_calendar,Tools
com.LunarCalendar_2015.SNA_Store.DroidAppS,lunar_calendar,Entertainment
com.calendar.lunarcalendar,lunar_calendar,Lifestyle
com.chinsoft.ChineseLunarCalendar,lunar_calendar,Lifestyle
com.chinsoft.ChineseLunarCalendarLite,lunar_calendar,Tools
com.epev.lunarcalendar,lunar_calendar,Tools
com.eternizedlab.lunarcalendar,lunar_calendar,Personalization
com.findsdk.lunarcalendar,lunar_calendar,Tools
com.findsdk.lunarcalendar.pro,lunar_calendar,Tools
com.g4tech.lunar.calendar,lunar_calendar,Education
com.glis.lunarcalendar,lunar_calendar,Personalization
com.rahasofts.lunarcalendar,lunar_calendar,Personalization
com.tianlv.LunarCalendar,lunar_calendar,Tools
com.weed.lunarcalendar.app,lunar_calendar,Lifestyle
cyd.lunarcalendar,lunar_calendar,Lifestyle
flo.lunarcalendar,lunar_calendar,Tools
flo.lunarcalendarAdfree,lunar_calendar,Tools
jp.knz1962.lunarcalendar.app,lunar_calendar,Tools
kerjin.utility.lunar_calendar,lunar_calendar,Tools
mrgamza.LunarCalendar,lunar_calendar,Tools
my.com.ddg.lunarcalendar,lunar_calendar,Personalization
net.godideas.lunarcalendar,lunar_calendar,Books_n_Reference
org.jm.lunarcalendar,lunar_calendar,Tools
vk.vietnamese.vietnam.lunar.calendar.en,lunar_calendar,Lifestyle
calendrier.lunaire.duJardinier,Lunar_Calendar,Tools
com.android.lunarcal,Lunar_Calendar,Tools
com.dgtex.MisteriumMoon,Lunar_Calendar,Lifestyle
com.findsdk.lunarcalendar,Lunar_Calendar,Tools
com.glis.lunarcalendar,Lunar_Calendar,Lifestyle
com.lunafaqt,Lunar_Calendar,Books_n_Reference
com.rotha.calendar2015,Lunar_Calendar,Lifestyle
com.yourchineseastrology.chinesecalendar,Lunar_Calendar,Tools
fr.calendrierlunaire.android,Lunar_Calendar,Tools
books.ebook.pdf.reader,pdf_reader,Books_n_Reference
com.adsonik.pdfreaderwithdictionary,pdf_reader,Productivity
com.amfahsoft.pdfreader,pdf_reader,Productivity
com.apadana.free.neopdfreader,pdf_reader,Productivity
com.aristeia.pdfreader,pdf_reader,Tools
com.codelab.pdfreader,pdf_reader,Tools
com.cyclosis.pdfreader,pdf_reader,Productivity
com.dani.fastpdfreader,pdf_reader,Books_n_Reference
com.dictionary.pdfreader,pdf_reader,Tools
com.djdevelopers.PDFReaderUltimate,pdf_reader,Books_n_Reference
com.dp.pdfreader,pdf_reader,Books_n_Reference
com.dwiin.voicepdfreader,pdf_reader,Tools
com.eleven.app.pdfreader,pdf_reader,Productivity
com.erik.pdfreader,pdf_reader,Books_n_Reference
com.foobnix.pdf.reader,pdf_reader,Productivity
com.foobnix.pro.pdf.reader,pdf_reader,Books_n_Reference
com.fystems.pdfreader,pdf_reader,Tools
com.gorser.pdf.djvu.cbz.xps.reader,pdf_reader,Tools
com.hestabit.pdfreader,pdf_reader,Communication
com.heyappmaker.mostexpensivepdfreader,pdf_reader,Tools
com.honey.pdfreader,pdf_reader,Tools
com.horizon.pdfreader,pdf_reader,Tools
com.jarbull.pdfreader,pdf_reader,Books_n_Reference
com.kare.bestpdfreader,pdf_reader,Books_n_Reference
com.kdanmobile.android.pdfreader.google.pad,pdf_reader,Productivity
com.kundan.pdfreader,pdf_reader,Productivity
com.learnyst.learnystPdfReader,pdf_reader,Education
com.lrmobilabs.pdfreader,pdf_reader,Productivity
com.mediagames.pdf.reader.viewer,pdf_reader,Productivity
com.naga.pdfreader,pdf_reader,Books_n_Reference
com.nexamuse.BestPDFReader,pdf_reader,Books_n_Reference
com.nocguide.cropmediapdfreader,pdf_reader,Medical
com.novaradix.doc.pdfreader,pdf_reader,Tools
com.pdf.allpdfreader,pdf_reader,Productivity
com.pdf.reader,pdf_reader,Tools
com.pdf.reader.lite.ebin,pdf_reader,Productivity
com.pdf.reader.pro.ebin,pdf_reader,Productivity
com.pdffilereader,pdf_reader,Productivity
com.pdfviewer.reader,pdf_reader,Productivity
com.planet.pdfreaderapp,pdf_reader,Business
com.randomsoft.pdf.reader.free,pdf_reader,Productivity
com.rimage.signal.pdfreader,pdf_reader,Media_n_Video
com.rinotera.pdfreader,pdf_reader,Productivity
com.seeke.pdfreaderpro,pdf_reader,Tools
com.seekele.pdfreader,pdf_reader,Tools
com.shekharkg.moonpdfreader,pdf_reader,Education
com.sieol.pdfreader,pdf_reader,Productivity
com.smartmadsoft.wear.pdfreader,pdf_reader,Books_n_Reference
com.stella.pdfreader,pdf_reader,Tools
com.stockholmapps.pdfscannerqrcodereader,pdf_reader,Tools
com.techsoft3d.hps.pdf.reader,pdf_reader,Productivity
com.topapps.pdfreader,pdf_reader,Books_n_Reference
com.ultimateapps.pdfreader,pdf_reader,Productivity
com.umtgrn.pdfreader,pdf_reader,Tools
com.vismay.pdfreader,pdf_reader,Books_n_Reference
com.wcool.pdf.ebookreader,pdf_reader,Books_n_Reference
com.xodo.pdf.reader,pdf_reader,Productivity
com.yiboo.pdfreader,pdf_reader,Books_n_Reference
de.gimik.pdfreader,pdf_reader,Business
jp.favorite.pdf.reader.fumiko,pdf_reader,Productivity
libro.ebook.pdf.reader,pdf_reader,Tools
nik.pdf.PDFReaderPro,pdf_reader,Tools
org.pdf.and.djvu.reader,pdf_reader,Books_n_Reference
org.pdfreader.pdfview.biggest,pdf_reader,Books_n_Reference
pdf.reader,pdf_reader,Books_n_Reference
pdf.reader.viewer,pdf_reader,Tools
pdf.reader.viewer.pdfreader.pdfviewer,pdf_reader,Tools
ranga.pdf.reader,pdf_reader,Tools
ru.johnlife.pdfreader.light,pdf_reader,Education
com.acadoid.pdfview,PDF_Reader,Productivity
com.adobe.reader,PDF_Reader,Productivity
com.pdfviewer.reader,PDF_Reader,Productivity
com.xodo.pdf.reader,PDF_Reader,Productivity
net.sf.andpdf.pdfviewer,PDF_Reader,Productivity
pdf.reader,PDF_Reader,Books_n_Reference
the.pdfviewer3,PDF_Reader,Productivity
air.com.doitflash.scientificCalculator,scientific_calculator,Tools
appinventor.ai_SleddLine.ScientificCalculator,scientific_calculator,Tools
appinventor.ai_SleddLine.ScientificCalculatorPRO,scientific_calculator,Tools
arrow.bw.scientific.calculator,scientific_calculator,Productivity
calc.calculator.scientific.scientific_calculator,scientific_calculator,Productivity
com.Calculator.ScientificCalculator,scientific_calculator,Tools
com.ScientificCalculator.smpc,scientific_calculator,Tools
com.amble43.scientificcalculator,scientific_calculator,Productivity
com.androIG.scientificcalculatorultra,scientific_calculator,Education
com.anirudh.scientificcalculator,scientific_calculator,Tools
com.app_sam.top.pro.free.ScientificCalculatorPro,scientific_calculator,Tools
com.appnovomath.scientificcalculator,scientific_calculator,Productivity
com.ashru.piscientificcalculator,scientific_calculator,Tools
com.basic.scientificcalculator.app,scientific_calculator,Education
com.bestscientific_calculator.scientificcalc,scientific_calculator,Education
com.businesscompassllc.advancedscientificinfixcalculator,scientific_calculator,Education
com.businesscompassllc.advancedscientificpostfixcalculatorrow,scientific_calculator,Education
com.change.scientificCalculator,scientific_calculator,Tools
com.code2care.mathtools.scientificcalculatorhandy,scientific_calculator,Tools
com.codelogix.brainscientificcalculator,scientific_calculator,Education
com.codeo.scientific.calculator,scientific_calculator,Education
com.deepak.scientificcalculator,scientific_calculator,Education
com.dilas.tech.scientificcalculator,scientific_calculator,Tools
com.faqihstudio.scientificcalculator,scientific_calculator,Tools
com.frattini.scientificcalculator,scientific_calculator,Tools
com.frattini.scientificcalculatorpro,scientific_calculator,Tools
com.gameplaymedia.matchscientificcalculator,scientific_calculator,Tools
com.gocapricorn.scientificcalculator,scientific_calculator,Productivity
com.gocapricorn.scientificcalculatorfree,scientific_calculator,Productivity
com.godesigner.scientificcalculator,scientific_calculator,Education
com.handycraft.scientificcalculatorpro,scientific_calculator,Education
com.howtomakemoney1212.ScientificCalculator,scientific_calculator,Tools
com.jjsoftware.fullscientificcalculator,scientific_calculator,Tools
com.layra.scientificcalculator,scientific_calculator,Tools
com.magicapps.scientificcalculator,scientific_calculator,Tools
com.meneujj.customizedscientificcalculator,scientific_calculator,Tools
com.mobisoftapps.scientificcalculatorwidget,scientific_calculator,Productivity
com.mosaid.scientific.calculator,scientific_calculator,Education
com.movinapp.scientificcalculator,scientific_calculator,Education
com.nicestapp.ScientificCalculator,scientific_calculator,Tools
com.nrs.scientificcalculator,scientific_calculator,Productivity
com.okahveci.scientificcalculator,scientific_calculator,Tools
com.one.scientific.calculator,scientific_calculator,Tools
com.ozora86.easyscientificcalculator,scientific_calculator,Tools
com.peceldev.scientificcalculatorapp,scientific_calculator,Tools
com.pentawire.scientificcalculatordx,scientific_calculator,Tools
com.pentawire.scientificcalculatordxfull,scientific_calculator,Tools
com.phonato.scientificcalculator.activities,scientific_calculator,Tools
com.pinklotus2112.ScientificCalculator,scientific_calculator,Tools
com.ramadroid.scientificcalculator,scientific_calculator,Tools
com.rani.scientificcalculatorapk,scientific_calculator,Tools
com.rexg.scientific.calculator.freex,scientific_calculator,Education
com.scientific.calculator,scientific_calculator,Tools
com.scientific.calculator.math,scientific_calculator,Tools
com.scientificCalculator,scientific_calculator,Tools
com.scientificCalculatorPro,scientific_calculator,Tools
com.scientific_calculator,scientific_calculator,Education
com.scientificcalculator.scientificcalculator,scientific_calculator,Tools
com.simpleapps.scientificcalculator,scientific_calculator,Tools
com.smartmaster.scientificcalculator,scientific_calculator,Tools
com.soloinfor.scientificcalculator,scientific_calculator,Tools
com.thexyz.perry2.scientificcalculator,scientific_calculator,Tools
com.thomaspellerin.scientificcalculator_free,scientific_calculator,Tools
com.tinydroid.scientificcalculator,scientific_calculator,Education
com.two2coders.android.scientificcalculator,scientific_calculator,Education
com.vhop.scientificCalculators,scientific_calculator,Books_n_Reference
com.vhop.scientificCalculatorsPremium,scientific_calculator,Books_n_Reference
com.visicomscientific.scottforshaw.earthcurvecalculator,scientific_calculator,Productivity
com.wFastScientificCalculator,scientific_calculator,Tools
com.wInternetScientificCalculator,scientific_calculator,Productivity
com.wScientificCalculator70,scientific_calculator,Tools
com.wScientificPocketCalculator,scientific_calculator,Tools
com.weblinkstech.scientificcalculator,scientific_calculator,Tools
com.weebly.draconiansbeta.scientificcalculator,scientific_calculator,Finance
com.wolyapps.mohammed.scientificcalculator.eproware,scientific_calculator,Tools
com.x0.kousen.ScientificCalculator,scientific_calculator,Tools
com.x0.kousen.ScientificCalculatorPro,scientific_calculator,Tools
elvis10ten.com.scientificcalculator,scientific_calculator,Tools
hdnasoftware.hdna.piscientificcalculator,scientific_calculator,Education
hdnasoftware.hdna.piscientificcalculator.pro,scientific_calculator,Education
net.howwiki.scientificcalculator,scientific_calculator,Education
net.howwiki.scientificcalculatorplus2,scientific_calculator,Education
org.granxeal.scientific.calculator.plus,scientific_calculator,Tools
philsoft.basic_scientific_calculator,scientific_calculator,Tools
philsoft.scientificcalculatorpro,scientific_calculator,Tools
project.home.scientificcalculator,scientific_calculator,Tools
scientific.calculator,scientific_calculator,Education
scientific.calculator.alpha,scientific_calculator,Tools
sham.simple.scientific.calculator,scientific_calculator,Finance
tool.scientific.calculator,scientific_calculator,Tools
com.android2.calculator3,Scientific_Calculator,Tools
com.appnovomath.scientificcalculator,Scientific_Calculator,Productivity
com.candl.athena,Scientific_Calculator,Tools
com.dencreak.dlcalculator,Scientific_Calculator,Productivity
com.digitalchemy.calculator.freedecimal,Scientific_Calculator,Tools
com.harchali.scientifique.calculatrice,Scientific_Calculator,Tools
com.jhankis.ScientificCalc,Scientific_Calculator,Productivity
com.meonria.scientificcalc,Scientific_Calculator,Tools
com.n225zero.ColorfulCalc,Scientific_Calculator,Tools
com.roamingsquirrel.android.calculator,Scientific_Calculator,Tools
com.scaleasw.powercalc,Scientific_Calculator,Tools
com.scientific.calc,Scientific_Calculator,Tools
com.speedsoftware.allin1calcfree,Scientific_Calculator,Productivity
com.tricolorcat.calculator,Scientific_Calculator,Productivity
hdnasoftware.hdna.piscientificcalculator,Scientific_Calculator,Education
it.bisemanuDEV.bismagsimplecalculator,Scientific_Calculator,Tools
jp.Appsys.PanecalST,Scientific_Calculator,Productivity
org.ab.x48,Scientific_Calculator,Productivity
org.solovyev.android.calculator,Scientific_Calculator,Tools
roviminteractive.materialcopy,Scientific_Calculator,Tools
air.com.redcodelabs.TodoLists,to_do_list,Productivity
androidhive.denat.com.todolist,to_do_list,Productivity
app.female.todolist,to_do_list,Lifestyle
app.mintardevstudio.com.rtodolist,to_do_list,Productivity
app.todolist,to_do_list,Personalization
appinventor.ai_Mightymouse200011.to_do_list,to_do_list,Tools
appinventor.ai_doohwan_kwak.easy_listen_repeat,to_do_list,Medical
appinventor.ai_drakeuniversity29.RandomListGenerator,to_do_list,Personalization
appinventor.ai_lukeplanos11.ToDoList,to_do_list,Lifestyle
appinventor.ai_postalavoroberardolella.List_In_Mind,to_do_list,Shopping
appinventor.ai_ramon_cargnel.The_dog_mentalist,to_do_list,Entertainment
appinventor.ai_seudock.Normalistas_Ayotzinapa,to_do_list,News_n_Magazines
at.vanthomas.todolist_reminder,to_do_list,Productivity
b4a.ToDoList,to_do_list,Productivity
belerion.com.todolist,to_do_list,Tools
benawad.com.todolist,to_do_list,Productivity
br.am.simplesttodolist,to_do_list,Productivity
br.com.kubic.todolist,to_do_list,Productivity
br.com.milond.idoit.idoittodolist,to_do_list,Tools
br.com.rodrigoschmitz.easytodolist,to_do_list,Tools
br.eti.tekton.guiadociclistadejuizdefora,to_do_list,Sports
br.intermat.autodoc.checklist,to_do_list,Business
canary.yranac.todolist,to_do_list,Productivity
canary.yranac.todolist.free,to_do_list,Productivity
co.ttdl.tonystodolist,to_do_list,Business
com.AP.ToDoList.TalkingAlaram,to_do_list,Personalization
com.AppsArt.tltodolist,to_do_list,Productivity
com.Smart.ToDoLists,to_do_list,Lifestyle
com.TodoListAdcoms,to_do_list,Productivity
com.WiredWolf.ChristmasToDoList,to_do_list,Entertainment
com.akwaad.todolist,to_do_list,Tools
com.alkathirikhalid.todolist,to_do_list,Tools
com.alvn.alvnhousetodolistalvn,to_do_list,Books_n_Reference
com.americos.dotasks.todo.list,to_do_list,Productivity
com.androidtest.todolist,to_do_list,Personalization
com.appsgaga.utility.todolistgo,to_do_list,Tools
com.appyfurious.todolist,to_do_list,Productivity
com.artfulsoft.todolist,to_do_list,Productivity
com.asgaardianworkshop.theultimatetodolist,to_do_list,Productivity
com.aspire.smarttodolist,to_do_list,Productivity
com.asus.todolist,to_do_list,Tools
com.avolodin.simpletodolist,to_do_list,Productivity
com.ayca.todo_list,to_do_list,Tools
com.bhoojwood.todolist,to_do_list,Lifestyle
com.blackflame.todolist,to_do_list,Productivity
com.breikostudio.todolist,to_do_list,Productivity
com.breikostudio.todolistfree,to_do_list,Productivity
com.briaro.smarttodolist,to_do_list,Productivity
com.bssapps.todolist,to_do_list,Productivity
com.buldrini.davide.callstodolist,to_do_list,Productivity
com.buldrini.davide.callstodolistfree,to_do_list,Productivity
com.cherryblossoms.todo_list,to_do_list,Productivity
com.codragon.mytodolist,to_do_list,Lifestyle
com.daily.addtodolist,to_do_list,Lifestyle
com.dbk.todolist,to_do_list,Productivity
com.decsers.todolist,to_do_list,Lifestyle
com.devgooap.MyToDoListRemindTask,to_do_list,Productivity
com.devmob.todo.list,to_do_list,Tools
com.devred.todolist,to_do_list,Productivity
com.dimiprount.todolist,to_do_list,Tools
com.edip.todolist,to_do_list,Productivity
com.ex2.shenkar.todolist,to_do_list,Tools
com.farnadsoft.app.to_do_list_en,to_do_list,Tools
com.fedeleviolato.mytodolist,to_do_list,Tools
com.fgapps.todolist,to_do_list,Productivity
com.fotavo.todolist.ladymarry,to_do_list,Productivity
com.frankie.easytodolist,to_do_list,Productivity
com.galaticdroids.toDoList,to_do_list,Lifestyle
com.galaticdroids.toDoListPro,to_do_list,Lifestyle
com.gbubble.mytodolist,to_do_list,Lifestyle
com.gear3.todohoy.dolist,to_do_list,Tools
com.givenimaging.todolistmanager,to_do_list,Productivity
com.gurayyarar.todolist,to_do_list,Productivity
com.igoryakovlev.ToDoList,to_do_list,Tools
com.iit.todolist,to_do_list,Productivity
com.insolife.todolist,to_do_list,Tools
com.ionicframework.todolist726599,to_do_list,Productivity
com.ishaan.todolist,to_do_list,Productivity
com.jacobferm.simpletodolist,to_do_list,Productivity
com.jdb.ToDoList,to_do_list,Productivity
com.jobapps.to_do_list,to_do_list,Personalization
com.jonblackwell.todolistlite,to_do_list,Productivity
com.jpnari.simpletodolist,to_do_list,Tools
com.juliankrone.todolist,to_do_list,Tools
com.jvksoft.worldssimplesttodo_list,to_do_list,Productivity
com.kenlin.todolist,to_do_list,Tools
com.kewitschka.todolist,to_do_list,Productivity
com.kgnsoft_in.iqbal.kgntodolist,to_do_list,Personalization
com.koller.lukas.todolist,to_do_list,Productivity
com.laciteduweb.todolist,to_do_list,Tools
com.lehidevtodolistpro.android,to_do_list,Tools
com.listtodo.tpskym.listtodo,to_do_list,Productivity
com.makeramen.todolist,to_do_list,Productivity
com.mangolion.rpgtodolist,to_do_list,Productivity
com.michalittah.todolist,to_do_list,Personalization
com.miyabi.todolist.widget,to_do_list,Productivity
com.mjdevelopments.todolist,to_do_list,Productivity
com.mkasoft.todolist,to_do_list,Business
com.moh28.simpletodolist,to_do_list,Productivity
com.mojos.todolist,to_do_list,Lifestyle
com.musSharApp.myToDoList,to_do_list,Productivity
com.musSharApp.myToDoList.pro,to_do_list,Productivity
com.my.todo.list,to_do_list,Productivity
com.n19coders.taskalert.todolistapp.voice,to_do_list,Productivity
com.nalexiou.todolistapp,to_do_list,Productivity
com.nerdit.thetodolist,to_do_list,Productivity
com.ninetyninecentwebsite.tonystodolist,to_do_list,Productivity
com.niuo.widget.todolist.full,to_do_list,Tools
com.niuo.widget.todolist.lite,to_do_list,Tools
com.noootes.blocknotes.todolist,to_do_list,Productivity
com.novak_web.todolist,to_do_list,Productivity
com.ntbab.ical.todolistsync,to_do_list,Productivity
com.nv.flyingtodolist,to_do_list,Productivity
com.octopustasks.todolist,to_do_list,Tools
com.pkg.todo_list,to_do_list,Tools
com.priyashi.androidapp.todolist,to_do_list,Personalization
com.pstursol.mytodolist,to_do_list,Productivity
com.pt.todo.tasklist,to_do_list,Productivity
com.rockyniu.todolist,to_do_list,Tools
com.sfc.android.simpletodolist,to_do_list,Productivity
com.shenkar.tamar.todolist_vr6,to_do_list,Social
com.shenkar.todolist,to_do_list,Productivity
com.shenkar.todolistproject,to_do_list,Education
com.silvian.project.todolist,to_do_list,Shopping
com.simpletodolist.hovley,to_do_list,Productivity
com.ss.ToDoListFree,to_do_list,Productivity
com.tal.tal.todolist21,to_do_list,Libraries_n_Demo
com.taskmanager.todolistfree,to_do_list,Tools
com.thevinecorp.todolist,to_do_list,Lifestyle
com.to_do.list,to_do_list,Productivity
com.to_do_list,to_do_list,Personalization
com.to_do_list.todolist,to_do_list,Business
com.todo.list,to_do_list,Tools
com.todo.lista,to_do_list,Productivity
com.todo.sobre.cocina.espanola.liste,to_do_list,Lifestyle
com.todo_list.ams90degree,to_do_list,Productivity
com.todolist.noadvert,to_do_list,Productivity
com.todolist.tarefaz,to_do_list,Education
com.todolist.tasklist,to_do_list,Productivity
com.todolist.taskreminder,to_do_list,Productivity
com.todolist.test,to_do_list,Productivity
com.todolist.todolistapp,to_do_list,Tools
com.todolist.ui,to_do_list,Productivity
com.todolist_Deadline,to_do_list,Tools
com.todolists.todolists,to_do_list,Productivity
com.trs.todolist,to_do_list,Productivity
com.twistedgenius.todolist,to_do_list,Productivity
com.uramaks.todolist,to_do_list,Productivity
com.uramaks.todolist.pro,to_do_list,Productivity
com.urysoft.todolist,to_do_list,Productivity
com.uthcode.todolist,to_do_list,Productivity
com.vidalgraupera.todolist,to_do_list,Productivity
com.virendra.mytodolist,to_do_list,Business
com.vj.todolist,to_do_list,Personalization
com.webclues.todolist,to_do_list,Personalization
com.williamkingdom.droidtodolist,to_do_list,Productivity
com.yi7an.todolist,to_do_list,Tools
com1032.cw1.ae00212.ae00212_todolist,to_do_list,Productivity
cz.onmyown.todolist,to_do_list,Productivity
daniel.pythagorist.basictodolist,to_do_list,Productivity
de.accting.todolist,to_do_list,Productivity
de.svencarstensen.todolists,to_do_list,Productivity
de.svencarstensen.todolists_full,to_do_list,Productivity
de.tsc.android.mytodolist.offline,to_do_list,Tools
dinhnn.todolist,to_do_list,Productivity
dva.todo.list,to_do_list,Business
es.antoniolf.todolistlf,to_do_list,Tools
foxty.android.todolist,to_do_list,Productivity
gomji.todolist,to_do_list,Lifestyle
gt.todolist,to_do_list,Personalization
hit.iTasks.todolists,to_do_list,Tools
hm.moe.rushuu.todolist,to_do_list,Productivity
il.ac.shenkar.david.todolistex2,to_do_list,Productivity
il.ac.shenkar.todolist,to_do_list,Tools
in.co.vishalraut.todolist,to_do_list,Productivity
it.esempiandroid.todolist,to_do_list,Productivity
it.openarc.todolist,to_do_list,Productivity
it.whereismyapp.rainbowtodolist,to_do_list,Productivity
jp.gr.java_conf.rot2704.todolist,to_do_list,Productivity
kakatsi.tedi.mytodolist,to_do_list,Productivity
millpaginas.teste.todolist,to_do_list,Business
momentum.basictodolist,to_do_list,Shopping
my.mobi.android.apps4u.todolist,to_do_list,Productivity
mytodo.todochecklist,to_do_list,Lifestyle
name.cederfjard.TodoList,to_do_list,Productivity
net.icycloud.fdtodolist,to_do_list,Productivity
net.trusted_design.tdandroid.dailytodolist,to_do_list,Productivity
net.trusted_design.tdandroid.todolist,to_do_list,Productivity
njerry.todolist,to_do_list,Productivity
nz.co.guevara.mytodolist,to_do_list,Productivity
org.swiftdeal.todolist,to_do_list,Productivity
pl.senseit.todolist,to_do_list,Productivity
reach.inc.todolist,to_do_list,Productivity
roni.shlomi.TodoList,to_do_list,Tools
ru.lentro.todolist,to_do_list,Business
sbJang.ToDoList,to_do_list,Productivity
shenkar.stas.todolist,to_do_list,Productivity
simran.teleman.todolist,to_do_list,Personalization
sitosmobiledevelopment.todolist,to_do_list,Tools
sk.svb.sms_todo_list,to_do_list,Tools
todolist.appship.todolist,to_do_list,Productivity
todolist.kimis.creative,to_do_list,Tools
todolist.kizema.anton.todolist,to_do_list,Tools
transybao.app.to_do_list,to_do_list,Personalization
com.anydo,To-Do_List,Productivity
com.asus.todolist,To-Do_List,Tools
com.codeswitch.tasks,To-Do_List,Productivity
com.customsolutions.android.utl,To-Do_List,Productivity
com.informaticsdev.multilist,To-Do_List,Productivity
com.splendapps.splendo,To-Do_List,Productivity
com.todoist,To-Do_List,Productivity
jakiganicsystems.simplestchecklist,To-Do_List,Productivity
com.ARFixer.RRDcloud.VideoPlayback,video_playback,News_n_Magazines
com.aplicode.invifotos.dossier.VideoPlayback,video_playback,Business
com.aplicode.invirosajj.dossier.VideoPlayback,video_playback,Personalization
com.arwisdom.aiya.VideoPlayback_AIYA1,video_playback,Media_n_Video
com.arwisdom.aiya_video.VideoPlayback_2,video_playback,Media_n_Video
com.arwisdom.ghg.VideoPlayback,video_playback,Business
com.bectero.line.game.VideoPlayback,video_playback,Entertainment
com.dios.bandungtourism.VideoPlayback,video_playback,Entertainment
com.dios.bandungtourismAR.VideoPlayback,video_playback,Entertainment
com.esolution.wedding.VideoPlayback,video_playback,Personalization
com.hiveonthedot.pororo.VideoPlayback,video_playback,Casual
com.icxion.makkingoff.samples.VideoPlayback,video_playback,Entertainment
com.ismartphoto.VideoPlayback,video_playback,Lifestyle
com.ismartphoto.VideoPlayback.niceprint,video_playback,Lifestyle
com.latbc.augmented.reality.VideoPlayback,video_playback,Business
com.lynnette.myapp.VideoPlayback,video_playback,Education
com.navilabs_id.VideoPlayback,video_playback,Entertainment
com.qqmedia.vuforia.samples.VideoPlayback,video_playback,Business
com.qualcomm.QCARSamples.VideoPlaybackZO2,video_playback,Media_n_Video
com.qualcomm.vuforia.samples.VideoPlayback.Essence_LKG_Term_1_Online,video_playback,Education
com.qualcomm.vuforia.samples.VideoPlayback.Essence_LKG_Term_2_Online,video_playback,Education
com.qualcomm.vuforia.samples.VideoPlayback.Essence_LKG_Term_3_Online,video_playback,Education
com.qualcomm.vuforia.samples.VideoPlayback.Essence_UKG_Term_3_Online,video_playback,Education
com.qualcomm.vuforia.samples.VideoPlayback.OnlineDemoMaths5,video_playback,Education
com.qualcomm.vuforia.samples.VideoPlayback.Synergy_Cl_5_Sem_2_Online,video_playback,Education
com.qualcomm.vuforia.samples.VideoPlayback.Synergy_LKG_Sem_1_online,video_playback,Education
com.qualcomm.vuforia.samples.VideoPlayback.Synergy_UKG_Sem_1_online,video_playback,Education
com.rsar.VideoPlayback.DemoEnglish1Online,video_playback,Education
com.rsar.VideoPlayback.DemoEnglish2Google,video_playback,Education
com.rsar.VideoPlayback.FrenchEnchante0Online,video_playback,Education
com.rsar.VideoPlayback.FrenchEnchante1Online,video_playback,Education
com.rsar.VideoPlayback.FrenchEnchante2Online,video_playback,Education
com.rsar.VideoPlayback.FrenchEnchante3Online,video_playback,Education
com.rsar.VideoPlayback.FrenchEnchante4Online,video_playback,Education
com.rsar.VideoPlayback.RS_Times_AR,video_playback,Education
com.rsar.VideoPlayback.SunehriDhoop_1_Onilne,video_playback,Education
com.rsar.VideoPlayback.SunehriDhoop_2_Onilne,video_playback,Education
com.rsar.VideoPlayback.SunehriDhoop_3_Onilne,video_playback,Education
com.rsar.VideoPlayback.SunehriDhoop_4_Onilne,video_playback,Education
com.rsar.VideoPlayback.SunehriDhoop_5_Onilne,video_playback,Education
com.rsar.VideoPlayback.SunehriDhoop_6_Onilne,video_playback,Education
com.rsar.VideoPlayback.SunehriDhoop_7_Onilne,video_playback,Education
com.rsar.VideoPlayback.SunehriDhoop_8_Onilne,video_playback,Education
com.seculix.videoplayback.magazine,video_playback,Business
com.snappii_corp.video_recording_and_playback,video_playback,Business
com.swp.crawfish.boil.VideoPlayback.app.VideoPlayback,video_playback,Entertainment
igloo.lensstory.VideoPlayback,video_playback,Photography
com.codeaddictsofcseku.androidmediaplayer,Video_playback,Media_n_Video
com.cyberlink.powerdvd.PMA140804_01,Video_playback,Media_n_Video
com.mefree.videoplayer,Video_playback,Media_n_Video
com.multimedia.player,Video_playback,Media_n_Video
com.mxtech.videoplayer.ad,Video_playback,Media_n_Video
com.zgz.supervideo,Video_playback,Media_n_Video
org.videolan.vlc,Video_playback,Media_n_Video
veg.network.mediaplayer,Video_playback,Media_n_Video
com.campion.useful.wifianalyzer,wifi_analyzer,Tools
com.darshan.android.wifianalyzer,wifi_analyzer,Tools
com.emilia.wifianalyzer,wifi_analyzer,Communication
com.farproc.wifi.analyzer,wifi_analyzer,Tools
com.freewifi5.analyzerconnect5,wifi_analyzer,Communication
com.freewifisignal62.analyzer01,wifi_analyzer,Communication
com.gerugugulab.wifianalyzer,wifi_analyzer,Communication
com.jmm.wifianalyzer,wifi_analyzer,Tools
com.kes.wifianalyzerapp,wifi_analyzer,Tools
com.kittithatteam.wifianalyzerlitetoolsapp,wifi_analyzer,Libraries_n_Demo
com.rubenpsaav.wifi.analyzer.boost,wifi_analyzer,Tools
com.srm.paid.wifichannelanalyzer,wifi_analyzer,Productivity
com.srm.wifichannelanalyzer,wifi_analyzer,Productivity
com.vatechlabs.wifianalyzerandbooster,wifi_analyzer,Communication
com.vrem.wifianalyzer,wifi_analyzer,Tools
com.wifi.analyzer.signal.strength,wifi_analyzer,Communication
cz.webprovider.wifianalyzer,wifi_analyzer,Tools
info.wifianalyzer.pro,wifi_analyzer,Tools
net.dkapps.wifi.booster.analyzer,wifi_analyzer,Tools
silent.wifianalyzer,wifi_analyzer,Tools
spring.headlinext.wifianalyzer,wifi_analyzer,Tools
us.wifitools.wifiscananalyzer,wifi_analyzer,Tools
wifi.analyzerforandroid.picasso,wifi_analyzer,Communication
wifi.password.analyzer.plus,wifi_analyzer,Tools
wifi.speedtest.internet.wifi.analyzer.bandwidth,wifi_analyzer,Tools
com.analyzer7.wifimanager7,Wifi_Analyzer,Communication
com.darshan.android.wifianalyzer,Wifi_Analyzer,Tools
com.farproc.wifi.analyzer,Wifi_Analyzer,Tools
com.freewifisignal62.analyzer01,Wifi_Analyzer,Communication
com.gerugugulab.wifianalyzer,Wifi_Analyzer,Communication
com.javali.wifisnr,Wifi_Analyzer,Tools
com.kes.wifianalyzerapp,Wifi_Analyzer,Tools
com.keuwl.wifi,Wifi_Analyzer,Tools
com.manageengine.wifimonitor,Wifi_Analyzer,Tools
com.netgear.WiFiAnalytics,Wifi_Analyzer,Tools
com.nutsaboutnets.wifiexplorer,Wifi_Analyzer,Tools
com.overlook.android.fing,Wifi_Analyzer,Tools
com.pinapps.amped,Wifi_Analyzer,Tools
com.pzolee.wifiinfo,Wifi_Analyzer,Tools
com.srm.wifichannelanalyzer,Wifi_Analyzer,Productivity
com.vrem.wifianalyzer,Wifi_Analyzer,Tools
cz.webprovider.wifianalyzer,Wifi_Analyzer,Tools
net.techet.netanalyzerlite.an,Wifi_Analyzer,Tools
org.hlousek.droid.twa,Wifi_Analyzer,Tools
us.wifitools.wifiscananalyzer,Wifi_Analyzer,Tools
