Id;Label
0;com.probcomp.filexplorer.run1
1;com.scientific.calc.run1
2;com.rotha.calendar2015.run1
3;it.bisemanuDEV.bismagsimplecalculator.run1
4;com.augmentedminds.waveAlarm.run1
5;com.ihandysoft.alarmclock.free.run1
6;com.srm.wifichannelanalyzer.run1
7;com.jhankis.ScientificCalc.run1
8;com.kingtoolsapps.batterydoctor.batteriesaver.run1
9;com.digitalchemy.calculator.freedecimal.run1
10;cz.webprovider.wifianalyzer.run1
11;com.rosamaria.svegliaparlante.run1
12;com.speedsoftware.allin1calcfree.run1
13;pl.solidexplorer2.run1
14;com.lunafaqt.run1
15;com.sykora.neonalarm.free.run1
16;roviminteractive.materialcopy.run1
17;cm.du.go.battery.doctor.run1
18;com.asus.todolist.run1
19;com.codeaddictsofcseku.androidmediaplayer.run1
20;com.sologame.batterysaver.run1
21;com.multimedia.player.run1
22;com.pdfviewer.reader.run1
23;com.liferecipes.drinksrecipes.run1
24;the.pdfviewer3.run1
25;com.avast.android.batterysaver.run1
26;com.zgz.supervideo.run1
27;com.adobe.reader.run1
28;calendrier.lunaire.duJardinier.run1
29;jakiganicsystems.simplestchecklist.run1
30;com.cyberlink.powerdvd.PMA140804_01.run1
31;org.solovyev.android.calculator.run1
32;com.fasteasy.battery.deepsaver.run1
33;com.ihandysoft.alarmclock.run1
34;com.lonelycatgames.Xplore.run1
35;com.apalon.myclockfree.run1
36;com.dgtex.MisteriumMoon.run1
37;hu.distinction.cflow.run1
38;com.vp.alarmClockPlusDock.run1
39;ch.bitspin.timely.run1
40;com.LEO.Mr_Bartender.run1
41;net.techet.netanalyzerlite.an.run1
42;com.mybarapp.free.run1
43;com.webworks.drinkscocktails.run1
44;com.aigamomifi.alarmclockll2.run1
45;com.overlook.android.fing.run1
46;nextapp.fx.run1
47;com.vj.filemanager.run1
48;com.psafe.powerpro.run1
49;com.yourchineseastrology.chinesecalendar.run1
50;com.findsdk.lunarcalendar.run1
51;fr.calendrierlunaire.android.run1
52;com.harchali.scientifique.calculatrice.run1
53;net.sf.andpdf.pdfviewer.run1
54;hdnasoftware.hdna.piscientificcalculator.run1
55;com.asus.filemanager.run1
56;lync.com.batteryoptimizer.run1
57;org.videolan.vlc.run1
58;com.android.lunarcal.run1
59;com.linpus.battery.run1
60;com.guru.cocktails.run1
61;com.acadoid.pdfview.run1
62;com.macropinch.axe.run1
63;pl.mkexplorer.kormateusz.run1
64;pdf.reader.run1
65;com.ghisler.android.TotalCommander.run1
66;com.codeswitch.tasks.run1
67;com.speedsoftware.explorer.run1
68;com.aqua.apps.cocktails.drinks.recipes.run1
69;com.javali.wifisnr.run1
70;org.hlousek.droid.twa.run1
71;com.digitaloutcrop.mixology.run1
72;com.estrongs.android.pop.run1
73;veg.network.mediaplayer.run1
74;com.mefree.videoplayer.run1
75;com.Adcoms.FileSystem.run1
76;com.oasisfeng.greenify.run1
77;jp.Appsys.PanecalST.run1
78;com.kog.alarmclock.run1
79;com.keuwl.wifi.run1
80;com.glis.lunarcalendar.run1
81;us.wifitools.wifiscananalyzer.run1
